tempo,acousticness,energy,danceability,instrumentalness,valence,loudness,speechiness,liveness,duration_ms,genre
118.459,0.4699,0.6285,0.8432,0.0,0.6434,-9.6956,0.0677,0.2056,230770.056,disco
163.9947,0.0522,0.7815,0.4659,0.1231,0.3567,-3.5021,0.1499,0.4267,222512.863,metal
127.4595,0.6585,0.9407,0.3369,0.1121,0.4628,-9.8083,0.1185,0.1198,280721.3333,blues
115.3435,0.3967,0.5025,0.4714,0.0394,0.3086,-6.8514,0.066,0.0789,253739.7729,blues
110.2772,0.4195,0.7408,0.4602,0.0555,0.7218,-6.5726,0.0468,0.1511,159141.4588,country
150.8189,0.1196,0.5849,0.6429,0.0229,0.5409,-6.2658,0.0,0.1757,210534.1986,pop
125.7171,0.0042,0.6968,1.0,0.051,0.5687,-9.017,0.1132,0.2848,282223.1734,disco
102.1468,0.1859,0.4794,0.7924,0.0,0.3621,-9.6843,0.0499,0.1706,179449.9872,reggae
71.8632,0.0071,0.9038,0.8351,0.0113,0.8864,-2.0833,0.2164,0.1782,199628.3661,hiphop
89.1684,1.0,0.4705,0.5856,0.148,0.3519,-10.2863,0.0686,0.0,311914.4964,jazz
110.5031,0.1714,0.518,0.8373,0.0348,0.923,-6.3202,0.048,0.3458,192658.2078,pop
132.5346,0.0512,0.9606,0.3703,0.2729,0.5068,-5.4263,0.0549,0.2868,254225.3026,metal
99.1094,0.3799,0.3031,0.7351,0.0943,0.693,-10.1746,0.0479,0.1229,208473.1913,reggae
166.8719,0.0877,0.8561,0.5687,0.0,0.5437,-5.7155,0.1388,0.1358,256575.6233,metal
88.3556,0.9153,0.0969,0.2943,0.9574,0.2036,-25.6423,0.0512,0.1323,318849.0814,classical
120.2657,0.0825,0.7341,0.7822,0.0359,0.2647,-4.5281,0.2001,0.2725,191325.1263,hiphop
144.3291,0.0063,0.9675,0.5212,0.1997,0.2398,-4.9166,0.1042,0.0832,326389.2441,metal
73.7416,0.1102,0.6693,0.729,0.1079,0.1333,-2.8336,0.0442,0.4052,172030.3408,reggae
131.7379,0.3116,0.6793,0.6026,0.3655,0.2718,-10.5452,0.0459,0.2035,228755.7483,blues
56.2685,0.9122,0.2099,0.2914,0.9186,0.4017,-19.3267,0.0262,0.2218,377736.2169,classical
118.2555,0.0374,0.799,0.7166,0.0247,0.7224,-7.2578,0.0851,0.1067,198078.4021,disco
116.9299,0.1109,0.7071,0.6717,0.0395,0.5124,-4.95,0.0763,0.343,191121.5159,disco
133.076,0.1602,0.9526,0.7755,0.0442,0.7662,-7.6743,0.0061,0.1759,232311.1917,disco
132.0,0.0527,0.7444,0.8008,0.0,0.579,-6.8957,0.1842,0.0139,219144.7318,hiphop
133.3629,0.0677,0.9689,0.4235,0.2517,0.4981,-3.8835,0.1101,0.3691,284380.2862,metal
80.6829,0.57,0.2257,0.494,0.0634,0.3336,-7.8648,0.0742,0.2682,160295.7823,blues
183.1058,0.0,0.8887,0.4289,0.1337,0.2675,-1.6898,0.1127,0.4069,289468.9975,metal
114.7207,0.0465,0.9704,0.418,0.1131,0.0671,-2.6328,0.1004,0.1417,243708.0002,metal
89.0028,0.0,0.7834,0.6664,0.0,0.7135,-5.6826,0.2673,0.1358,171545.7854,hiphop
95.2778,0.1949,0.6058,0.7864,0.018,0.6204,-5.4917,0.1546,0.1249,180322.2552,hiphop
132.4969,0.3897,0.7126,0.7292,0.0,0.7845,-6.7629,0.0795,0.0861,250548.1257,disco
85.131,0.2225,0.466,0.8742,0.1307,0.6314,-9.7867,0.1778,0.3305,201157.5154,reggae
82.3659,0.1691,0.7028,0.6507,0.0299,0.5183,-5.6765,0.2965,0.2128,260782.1105,hiphop
114.2867,0.1334,0.8375,0.6432,0.0841,0.2034,-9.4356,0.0502,0.0,330779.701,rock
96.5116,0.6735,0.4136,0.5726,0.8202,0.447,-15.3685,0.0731,0.3416,238289.9783,jazz
73.526,0.2047,0.3306,0.3543,0.3668,0.4902,-13.7116,0.0522,0.0,217754.7022,blues
118.2493,0.6909,0.3059,0.6489,0.4959,0.4899,-10.387,0.0668,0.1906,268835.331,blues
123.169,0.0422,0.5697,0.4244,0.1679,0.6538,-13.1424,0.0396,0.1844,258623.1324,blues
103.1676,0.0938,0.7366,0.8399,0.1279,0.9462,-6.7388,0.0829,0.0546,252896.4472,disco
89.996,0.9681,0.274,0.3637,0.8511,0.0825,-21.6655,0.0289,0.0476,380908.9972,classical
150.8483,0.0596,0.9038,0.6791,0.0089,0.2409,-5.8857,0.1681,0.4003,232792.4044,metal
98.6478,0.8062,0.2887,0.3692,0.0176,0.4375,-10.8021,0.0461,0.0783,183003.1679,blues
133.3299,0.0,0.701,0.7939,0.0,0.5671,-4.4608,0.2296,0.3184,143780.9334,hiphop
131.2046,0.3878,0.5741,0.4965,0.035,0.5404,-6.2622,0.0922,0.1244,201934.4409,pop
120.3198,0.0944,0.6682,0.7049,0.0216,0.4903,-7.5175,0.0492,0.1242,244651.3877,disco
98.541,0.6204,0.4269,0.5285,0.1967,0.3026,-6.1835,0.0915,0.1087,265579.9938,blues
123.5906,0.6013,0.578,0.5663,0.3747,0.4522,-11.6986,0.1175,0.0912,240193.8439,blues
119.7632,0.417,0.5906,0.3859,0.6152,0.2299,-7.0146,0.0403,0.4416,266609.4328,blues
81.5441,0.2769,0.4806,0.8235,0.0959,0.6142,-10.3219,0.0985,0.3349,255914.4327,reggae
99.3857,0.2423,0.6336,0.5,0.2145,0.6646,-4.4103,0.0691,0.3586,311788.966,rock
80.6174,0.5684,0.6991,0.7209,0.1761,0.5481,-9.0251,0.0535,0.2904,202263.4668,reggae
87.8653,0.5068,0.387,0.6723,0.0,0.4286,-10.7678,0.0485,0.2123,236929.5488,country
107.6449,0.2578,0.7085,0.7239,0.0777,0.6685,-10.3161,0.0282,0.3058,242516.5304,disco
89.9862,0.0732,0.7197,0.6567,0.0144,0.414,-4.2891,0.2747,0.2215,163756.4473,hiphop
117.3863,0.5168,0.6404,0.4055,0.0461,0.8507,-3.8571,0.0697,0.2137,184821.2764,country
101.1661,0.2824,0.6034,0.6277,0.1065,0.9458,-10.0455,0.0954,0.0434,290804.2449,reggae
88.0234,0.952,0.1714,0.3454,0.7537,0.4903,-29.3256,0.0333,0.0,190296.3502,classical
77.5197,0.4627,0.5539,0.572,0.1764,0.7733,-6.6448,0.0308,0.1287,216680.4388,country
93.9686,0.6593,0.5332,0.5612,0.121,0.4511,-13.6282,0.0414,0.0899,186522.5015,blues
136.2278,0.2433,0.6116,0.4385,0.1117,0.4665,-4.2919,0.1631,0.3129,216916.1603,rock
106.1345,0.6824,0.5112,0.7035,0.0477,0.5376,-3.8657,0.0398,0.1058,294436.0375,reggae
145.4168,0.6916,0.6449,0.5954,0.0447,0.323,-9.6485,0.052,0.2029,236433.7728,country
86.2728,0.5572,0.6499,0.611,0.0,0.5656,-11.6983,0.0433,0.3953,223349.3382,country
84.4181,0.9463,0.1286,0.1683,0.9254,0.4024,-12.4696,0.0484,0.181,269984.3242,classical
116.3432,0.2681,0.583,0.5968,0.0418,0.5157,-4.9159,0.0255,0.0348,232658.0747,pop
127.3053,0.286,0.8097,0.6144,0.0268,0.4297,-8.2296,0.0166,0.25,186625.0215,country
74.6797,0.4456,0.5672,0.6063,0.2359,0.4067,-8.7249,0.064,0.0448,203416.1689,blues
88.4384,0.1314,0.5836,0.8801,0.1452,0.8078,-7.4769,0.0298,0.1342,298279.2572,disco
93.0085,0.2413,0.6827,0.842,0.0159,0.5181,-7.9098,0.2054,0.2642,202215.2711,hiphop
95.317,0.7016,0.5318,0.3203,0.2224,0.1332,-13.9019,0.0265,0.1923,293068.9095,jazz
118.569,0.5898,0.8208,0.5005,0.192,0.4006,-10.2305,0.0731,0.4492,201960.5791,blues
109.9154,0.0698,0.649,0.6358,0.0665,0.5416,-6.1064,0.169,0.1505,226684.706,pop
117.6997,0.3138,0.5421,0.5125,0.0094,0.3124,-5.9707,0.0388,0.0,262080.7544,pop
89.561,0.7632,0.3859,0.4204,0.3844,0.2821,-11.0635,0.0624,0.1206,300427.3875,jazz
105.9164,0.2261,0.6439,0.6747,0.2579,0.679,-6.1922,0.0,0.1914,246422.0654,reggae
68.6547,0.0,0.6326,0.8664,0.0476,0.5204,-7.2232,0.0245,0.2664,200743.3299,hiphop
66.6237,0.467,0.6519,0.8054,0.0567,0.5929,-9.0913,0.1475,0.0,191722.226,reggae
131.6616,0.0941,0.7531,0.597,0.1106,0.6197,-8.8532,0.0445,0.2167,209088.8232,country
116.7567,0.8084,0.4866,0.4701,0.017,0.8486,-17.437,0.0299,0.4531,240680.8726,country
122.7226,0.0257,0.7962,0.4921,0.0245,0.5076,-6.2591,0.0554,0.1881,191277.3157,rock
141.9432,0.072,0.9411,0.3316,0.0783,0.374,-7.9508,0.0454,0.5156,256451.6577,rock
71.9763,0.9392,0.3471,0.0433,0.7645,0.3765,-20.816,0.0326,0.0095,299679.729,classical
98.8483,0.847,0.4422,0.4163,0.3335,0.2035,-13.1278,0.0494,0.0,233214.2564,jazz
101.9713,0.2057,0.651,0.5947,0.0307,0.6263,-6.1452,0.0673,0.161,198969.0114,pop
107.695,0.0937,0.6076,0.6698,0.0346,0.3772,-7.3645,0.0636,0.1505,265092.7112,pop
97.1739,0.9195,0.3668,0.1896,0.8881,0.3979,-25.4762,0.0435,0.247,260572.4977,classical
65.389,0.4768,0.6645,0.7047,0.0132,0.4237,-5.9222,0.0196,0.3064,223392.0336,reggae
110.1186,0.1814,0.5245,0.5932,0.0972,0.4123,-6.4651,0.0552,0.4446,395507.2148,rock
103.3783,0.1325,0.5977,0.6213,0.0,0.8867,-5.4023,0.061,0.2458,224132.0182,pop
136.453,0.1242,0.92,0.3306,0.3823,0.2232,-10.0583,0.0582,0.0798,248255.9951,rock
125.0173,0.248,0.6342,0.7038,0.1433,0.6553,-6.9397,0.0547,0.3133,275154.2604,disco
98.4743,0.635,0.4492,0.5701,0.3231,0.5066,-20.0949,0.0664,0.3643,245996.5687,jazz
134.1931,0.7865,0.3634,0.4803,0.4431,0.9743,-12.3323,0.0461,0.3198,209456.5541,jazz
147.2662,0.0445,0.9211,0.4109,0.2995,0.2286,0.9588,0.1282,0.1109,269261.4665,metal
122.8847,0.0215,0.8156,0.5544,0.0148,0.6834,-8.5795,0.0464,0.3839,273120.7166,disco
83.9386,0.0,0.66,0.5385,0.1185,0.3915,-7.9494,0.0669,0.1353,205087.005,country
100.8363,0.7738,0.38,0.5841,0.1158,0.3284,-13.398,0.0703,0.339,231714.9181,blues
68.4054,0.8626,0.0816,0.3087,0.8491,0.2311,-21.8937,0.0514,0.1995,373112.8072,classical
137.3808,0.2145,0.8325,0.8986,0.0061,0.5604,-5.6624,0.0599,0.222,232539.9932,disco
97.3036,0.4891,0.3243,0.5644,0.4974,0.3924,-7.0763,0.0009,0.1933,238195.729,blues
131.974,0.0884,0.6823,0.5676,0.1597,0.4377,-9.3081,0.0737,0.1349,259645.3484,rock
83.3333,0.46,0.7314,0.7135,0.2802,0.7531,-8.3641,0.0901,0.2137,179950.4486,reggae
109.4456,0.1471,0.5828,0.758,0.0722,0.7281,-8.8072,0.0497,0.2537,233656.8721,disco
114.4974,0.1265,0.8686,0.6842,0.0068,0.5107,-9.9641,0.0692,0.2203,278482.8556,disco
111.7941,0.1956,0.6984,0.2213,0.0232,0.4384,-8.5555,0.0612,0.2927,195065.8294,country
72.7291,0.9497,0.2362,0.4321,0.7486,0.1285,-17.7311,0.0334,0.2392,303002.6268,classical
60.3315,0.9449,0.3821,0.1348,0.6078,0.2865,-24.0824,0.0563,0.1693,173502.2764,classical
104.4763,0.1203,0.9056,0.6715,0.0756,0.6958,-4.8142,0.0689,0.1569,242002.9236,disco
57.4387,0.8946,0.2316,0.4206,0.6906,0.2519,-30.5892,0.0367,0.065,248233.6344,classical
124.4828,0.181,0.4515,0.5498,0.0,0.215,-3.1839,0.0847,0.167,144292.9254,pop
116.2093,0.3804,0.5474,0.5452,0.0605,0.1257,-3.3574,0.0471,0.2381,171766.453,country
94.8034,0.0,0.5851,0.7811,0.0,0.756,-5.5462,0.1737,0.1666,262689.516,hiphop
54.9489,0.151,0.6645,0.545,0.0673,0.6609,-4.5913,0.057,0.1357,227902.1693,reggae
130.6602,0.7419,0.6053,0.5067,0.674,0.5659,-14.8649,0.0721,0.5852,246480.1529,jazz
90.3238,0.8699,0.3684,0.2469,0.9567,0.3602,-23.6486,0.0038,0.1363,186437.0059,classical
69.575,0.3335,0.5092,0.7013,0.3287,0.342,-8.7014,0.0528,0.1546,196869.3402,blues
121.4837,0.0,0.7044,0.7346,0.0162,0.3816,-2.4839,0.0272,0.2361,216001.5159,pop
72.4833,0.5462,0.3193,0.6474,0.3901,0.6152,-15.6149,0.0674,0.2288,303652.83,jazz
77.2087,0.9878,0.2273,0.2439,0.9047,0.3666,-21.9946,0.0695,0.0,194938.9498,classical
114.3445,0.3056,0.7914,0.6765,0.034,0.6447,-8.076,0.0087,0.1322,281675.9792,disco
128.0231,0.0,0.7597,0.5617,0.1765,0.5211,-9.9544,0.0983,0.3117,195850.6302,rock
163.6448,0.0904,0.932,0.3503,0.247,0.3517,-4.4803,0.0469,0.2104,251110.4494,metal
130.169,0.076,0.8857,0.384,0.1237,0.4318,-6.0677,0.1114,0.3184,170567.2308,metal
87.0816,0.8409,0.5064,0.3793,0.113,0.316,-9.9164,0.1001,0.3263,260520.5482,blues
69.9738,1.0,0.0432,0.4261,1.0,0.2222,-13.0829,0.0599,0.2277,281681.3312,classical
110.3991,0.1507,0.7042,0.8238,0.0253,0.3066,-5.5054,0.2016,0.1408,265358.7533,hiphop
80.5384,0.0569,0.6762,0.6843,0.0,0.5213,-4.8548,0.2792,0.2675,165625.4958,hiphop
129.2191,0.148,0.6284,0.7129,0.0,0.6008,-5.383,0.0025,0.1511,200908.3144,pop
108.2828,0.0052,0.8345,0.7755,0.0,0.7524,-9.0903,0.1645,0.1228,295037.9678,hiphop
95.0923,0.4425,0.5601,0.6515,0.1604,0.6199,-10.6194,0.0657,0.1102,183833.1876,country
86.9861,0.1022,0.7911,0.6819,0.0216,0.428,-5.5159,0.1636,0.1233,273308.3221,hiphop
74.3856,0.9252,0.3798,0.3894,0.8017,0.3873,-21.8232,0.0359,0.0634,270936.8873,classical
150.0531,0.274,0.8105,0.757,0.0572,0.2061,-3.8936,0.0048,0.1367,273405.0505,rock
158.6399,0.0,0.9779,0.4108,0.0105,0.2658,-0.5029,0.0206,0.1702,307629.1792,metal
130.6093,0.0,0.6074,0.8584,0.0,0.5066,-9.0237,0.0407,0.2836,236535.7855,country
73.0964,0.8679,0.0325,0.2514,0.7919,0.6152,-21.4789,0.0597,0.1101,208903.374,classical
121.6709,0.3561,0.5103,0.4592,0.0403,0.8901,-4.8448,0.0571,0.1775,249547.0417,country
90.1294,0.8144,0.5454,0.3371,0.2823,0.6472,-11.5437,0.0734,0.2655,193351.9695,blues
133.5005,0.0,0.6866,0.5836,0.0247,0.7916,-6.1264,0.0626,0.4187,241771.7546,rock
88.6766,0.7971,0.2753,0.2868,0.8049,0.7088,-10.8618,0.0459,0.225,297488.2777,jazz
100.8922,0.1427,0.5133,0.7222,0.0646,0.6945,-7.8221,0.0574,0.1216,240324.4956,disco
108.7343,0.806,0.3888,0.3632,0.5146,0.5122,-13.6552,0.0649,0.4059,205698.2723,jazz
147.463,0.0414,1.0,0.5853,0.4018,0.2064,0.3844,0.0859,0.2459,152037.5793,metal
82.4835,0.6642,0.3828,0.6911,0.4613,0.0609,-12.4867,0.039,0.2564,255664.765,jazz
133.164,0.6431,0.6473,0.3754,0.0,0.5005,-6.6611,0.0496,0.2937,266033.282,country
107.8521,0.1613,0.3293,0.7559,0.026,0.5766,-5.7075,0.1835,0.0741,219403.0462,hiphop
77.5395,0.0,0.4659,0.736,0.1136,0.8159,-3.1335,0.1104,0.3383,260670.9717,reggae
142.3161,0.1007,0.798,0.5894,0.0023,0.3728,-5.6205,0.0871,0.0751,241092.3566,rock
123.5397,0.5671,0.2008,0.2587,0.301,0.3112,-13.7437,0.0581,0.2739,174625.9104,blues
118.2514,0.2995,0.67,0.8387,0.0,0.5985,-4.6537,0.0624,0.2852,197038.8138,pop
152.2529,0.0711,0.8225,0.4444,0.0,0.0846,-5.1775,0.1467,0.1632,219194.9763,metal
113.5204,0.1953,0.7434,0.834,0.0,0.8361,-6.4078,0.3446,0.0,228979.8976,hiphop
114.3837,0.2607,0.8212,0.4961,0.1651,0.547,-5.2881,0.0538,0.1448,234921.7996,rock
148.9852,0.0261,0.8694,0.3253,0.4407,0.3593,-7.4755,0.1064,0.4609,267821.7334,metal
124.4176,0.6126,0.6246,0.6138,0.0,0.5311,-13.5214,0.0099,0.2541,193640.6462,country
175.8851,0.0738,0.844,0.3078,0.1842,0.0933,-1.2714,0.0666,0.5233,218779.8315,metal
112.8449,0.3121,0.61,0.8049,0.0815,0.4431,-8.6616,0.0401,0.2565,228988.9468,disco
90.6372,0.6072,0.3015,0.4321,0.8248,0.6132,-8.8702,0.128,0.0954,263520.9564,jazz
107.9003,0.9609,0.4618,0.4726,0.3118,0.7049,-14.0709,0.0661,0.104,215384.7876,blues
62.5135,0.9585,0.1869,0.1169,0.9392,0.2592,-24.1356,0.0186,0.0977,305673.4264,classical
68.3671,0.2844,0.53,0.3185,0.2049,0.4456,-14.4128,0.0293,0.1887,262664.2629,blues
134.6452,0.5593,0.4596,0.4352,0.4712,0.3507,-12.264,0.0894,0.1354,238301.0234,blues
96.998,0.1767,0.7433,0.3285,0.1514,0.4516,-4.9387,0.0733,0.1588,278478.0144,rock
158.0413,0.0306,0.8321,0.4552,0.1855,0.5229,-2.3369,0.0845,0.2092,260087.1875,metal
60.1822,1.0,0.1499,0.1345,0.6432,0.1968,-21.7913,0.0345,0.1231,317182.1179,classical
72.6374,0.8631,0.1771,0.1407,0.6631,0.384,-16.7239,0.0962,0.1031,366118.0094,classical
191.027,0.0338,0.8678,0.3968,0.0,0.6108,-3.3742,0.0376,0.1276,260764.119,metal
121.8266,0.2849,0.7571,0.6647,0.0775,0.7805,-8.0952,0.0167,0.21,209974.6609,disco
125.2278,0.084,0.682,0.5606,0.1937,0.2965,-8.5754,0.0886,0.0437,274636.9075,rock
88.6179,0.4003,0.4169,0.5161,0.4466,0.0062,-13.4953,0.0648,0.1881,258151.9309,blues
111.7528,0.7857,0.2543,0.5888,0.7548,0.9687,-15.1283,0.0463,0.3653,300955.2084,jazz
127.7109,0.326,0.5671,0.7871,0.0823,0.7591,-3.7144,0.1211,0.1767,260195.2102,disco
110.3569,0.3961,0.4455,0.6014,0.0641,0.2637,-13.9546,0.0585,0.0985,230571.4404,country
68.0891,0.1897,0.4421,0.6792,0.0239,0.7273,-13.8154,0.0168,0.1666,222973.8878,reggae
89.3234,0.7998,0.0,0.3796,0.8091,0.3876,-27.3056,0.0395,0.3103,329451.9772,classical
60.9789,0.8059,0.151,0.5371,0.3281,0.2912,-15.3257,0.0545,0.1534,289435.1639,jazz
115.5873,0.1343,0.7629,0.8857,0.0181,0.5664,-9.7576,0.0631,0.0594,226086.5213,disco
88.0686,0.169,0.9019,0.8059,0.1273,0.811,-14.9378,0.0,0.1601,174857.4343,reggae
106.522,0.329,0.7705,0.4797,0.0955,0.4329,-10.3579,0.0451,0.3084,153855.1569,country
75.0471,0.1253,0.5374,0.7564,0.0,0.4352,-5.5488,0.2421,0.158,232973.952,hiphop
119.7874,0.641,0.1571,0.5137,0.8198,0.2844,-12.0837,0.0699,0.3625,303598.775,jazz
108.1121,0.2107,0.5719,0.5255,0.0,0.6414,-6.104,0.1006,0.1409,201145.0836,country
142.7062,0.626,0.4989,0.4524,0.5784,0.6326,-15.3877,0.0899,0.1009,274729.6421,jazz
84.3882,0.9186,0.3171,0.3751,1.0,0.4596,-28.2882,0.0387,0.0562,248903.2095,classical
80.9328,0.2371,0.6788,0.7762,0.0,0.329,-9.3333,0.1437,0.2388,186355.2552,hiphop
105.7521,0.1548,0.4816,0.5838,0.0393,0.7169,-8.0991,0.097,0.2154,255296.5876,pop
150.1956,0.2284,0.7298,0.2432,0.0822,0.3636,-6.2595,0.0399,0.2469,203232.5967,rock
100.3508,0.489,0.371,0.4505,0.4797,0.2902,-11.1884,0.0655,0.3872,226486.1284,blues
94.8177,0.0,0.7068,0.9356,0.1578,0.5333,-6.7002,0.0161,0.0688,204075.8221,disco
97.0532,0.1786,0.7217,0.6955,0.0359,0.72,-7.8024,0.3424,0.2127,214524.0644,hiphop
109.9903,0.1733,0.3724,0.4879,0.0466,0.8684,-7.392,0.0318,0.1072,268116.2039,country
139.6947,0.3555,0.406,0.735,0.0164,0.414,-5.4765,0.016,0.1234,186045.788,pop
113.6331,0.0061,0.5915,0.818,0.0171,0.3609,-4.5017,0.1309,0.3104,238530.7205,hiphop
83.0211,0.0671,0.609,0.7928,0.0059,0.3438,-8.7885,0.2749,0.2086,223693.8145,hiphop
104.2463,0.1614,0.6796,0.3178,0.3448,0.3197,-6.3925,0.0537,0.3565,270805.8607,rock
79.5031,0.5754,0.4219,0.498,0.6208,0.6952,-19.2957,0.0892,0.2512,249810.9069,jazz
100.86,0.1384,0.8791,0.2856,0.0341,0.254,-6.5286,0.0923,0.183,247861.7363,rock
135.7013,0.692,0.3954,0.4299,0.5798,0.5572,-16.3528,0.0562,0.1585,374983.2035,jazz
122.1354,0.2622,0.6674,0.747,0.0426,0.6293,-6.4408,0.1312,0.1222,221739.408,pop
112.7883,0.5302,0.5099,0.415,0.3644,0.4564,-8.4025,0.0814,0.2706,235571.2166,blues
121.6515,0.1109,0.7529,0.6373,0.0094,0.1927,-5.3541,0.0,0.2048,303409.343,rock
79.0124,0.2778,0.3704,0.8989,0.0904,0.716,-10.6106,0.0379,0.1766,274047.7013,reggae
78.818,0.1522,0.5311,0.7344,0.5279,0.3614,-10.9735,0.0866,0.3347,224540.8927,blues
142.3514,0.3396,0.6821,0.5477,0.0475,0.3996,-9.1763,0.0347,0.197,211731.2629,country
125.5411,0.1124,0.8848,0.9114,0.1024,0.9112,-10.0784,0.0174,0.1678,241236.929,disco
118.8349,0.3879,0.5653,0.615,0.0,0.5236,-0.8628,0.0311,0.1414,249211.8818,rock
82.6566,0.854,0.1118,0.6355,0.5362,0.2854,-15.7493,0.0295,0.3799,296621.3905,jazz
69.4726,0.6152,0.4333,0.848,0.1525,0.6594,-9.9206,0.1064,0.1985,215231.4683,reggae
105.2142,0.2712,0.3562,0.6091,0.3214,0.3543,-9.6606,0.0582,0.2015,269556.8337,blues
90.9114,0.2158,0.5214,0.5607,0.0166,0.8211,-4.8007,0.0414,0.2405,142688.75,pop
94.3312,1.0,0.1595,0.1063,0.7534,0.3071,-22.7597,0.0177,0.1964,311470.4425,classical
112.8665,0.1263,0.6608,0.7435,0.1285,1.0,-5.5087,0.0926,0.3716,247466.1323,disco
72.9741,0.0,0.6474,0.6734,0.039,0.5011,-8.2161,0.0535,0.1734,216923.1838,pop
169.3609,0.0282,0.815,0.4592,0.1234,0.323,-3.0494,0.1246,0.2853,256965.9842,metal
68.2991,0.8236,0.3096,0.4529,0.0858,0.3778,-14.0227,0.0879,0.1343,342868.806,jazz
95.1599,0.5269,0.6096,0.3626,0.8129,0.4563,-9.8575,0.0758,0.4253,275662.8335,blues
99.9921,0.1244,0.9139,0.6364,0.0044,0.7819,-6.4835,0.2029,0.0967,187358.8117,hiphop
122.6761,0.349,0.7164,0.4441,0.015,0.8446,-6.3943,0.0428,0.2087,225417.7286,country
92.6623,0.0983,0.7297,0.6612,0.0,0.5502,-3.6025,0.2175,0.1008,144812.6962,hiphop
114.2656,0.6159,0.4047,0.4698,0.3535,0.4478,-13.4049,0.037,0.1291,191987.8281,jazz
118.3356,0.1579,0.8386,0.7264,0.0,0.5529,-6.0773,0.2014,0.0841,261952.8056,hiphop
103.8392,0.1061,0.7744,0.4391,0.3829,0.5421,-6.1236,0.0957,0.1952,295334.2425,rock
79.2085,0.5932,0.7667,0.7753,0.0019,0.2065,-5.7635,0.0845,0.1255,276942.4938,reggae
109.9853,0.656,0.6398,0.5524,0.0,0.5908,-5.9616,0.0586,0.1967,192106.4821,country
163.0286,0.7352,0.1206,0.3797,0.1149,0.5031,-14.3654,0.0459,0.5516,287449.1437,jazz
131.3546,0.5022,0.8191,0.3701,0.0495,0.6159,-11.7437,0.056,0.0693,244169.5061,country
95.7282,0.838,0.2864,0.2671,0.7908,0.1921,-23.3378,0.066,0.1966,383938.6963,classical
74.1518,0.9501,0.2051,0.2234,0.935,0.4609,-22.6386,0.0269,0.1939,291278.4152,classical
99.7655,0.1162,0.5095,0.7935,0.0106,0.6499,-8.3738,0.221,0.3182,292712.4941,hiphop
117.4095,0.0437,0.9261,0.3925,0.2097,0.3684,-3.0052,0.0233,0.3722,311330.0665,metal
92.1484,0.2331,0.6825,0.7291,0.0999,0.8896,-5.931,0.1178,0.2503,249066.4039,disco
86.1326,0.7692,0.3416,0.4086,0.252,0.4,-10.2212,0.1228,0.2403,132987.5717,blues
106.4815,0.1804,0.613,0.4658,0.0,0.684,-12.9373,0.0971,0.2906,209947.1923,reggae
125.6629,0.0,0.6217,0.8607,0.0,0.8124,-5.5871,0.0382,0.0005,222932.6221,disco
122.9524,0.1009,0.6083,0.4987,0.2204,0.5036,-7.6605,0.0226,0.1286,267655.0189,rock
126.0197,0.1247,0.6559,0.7278,0.09,0.7887,-6.628,0.0928,0.3269,264491.2783,disco
132.4776,0.0451,0.8301,0.7699,0.0,0.5161,-7.0936,0.2778,0.1891,184229.0598,hiphop
102.7595,0.1436,0.3642,0.8317,0.013,0.6515,-8.5737,0.1884,0.0708,246061.0482,hiphop
82.2132,0.0928,0.5146,0.8046,0.0008,0.5833,-5.6897,0.2587,0.2299,207963.4793,hiphop
166.9182,0.0122,0.8479,0.3296,0.2745,0.1827,-2.3648,0.1173,0.1982,338192.9657,metal
112.3566,0.2004,0.5718,0.6807,0.0937,0.3065,-4.7677,0.049,0.3026,205144.9357,reggae
111.7701,0.103,0.5923,0.8064,0.035,0.385,-6.7984,0.0732,0.2963,237799.3562,disco
88.6007,0.1685,0.8394,0.6015,0.0136,0.6597,-5.631,0.1326,0.2148,249833.1869,pop
85.4467,1.0,0.3794,0.4315,0.7835,0.4029,-18.9327,0.0424,0.1605,329425.1879,classical
127.5044,0.1752,0.4518,0.4491,0.0513,0.843,-2.9322,0.0337,0.2327,239557.9248,country
87.5346,0.5189,0.4008,0.659,0.0679,0.6183,-11.8347,0.0347,0.2727,281977.9203,country
122.0651,0.229,0.8862,0.799,0.0093,0.6766,-7.155,0.233,0.1624,168863.7989,hiphop
105.462,0.1095,0.6562,0.6711,0.0521,0.2948,-7.631,0.0573,0.0641,285396.5616,disco
135.985,0.0,0.7848,0.7681,0.0223,0.7292,-10.4528,0.1039,0.2515,214044.0677,disco
81.8033,0.6175,0.5655,0.6441,0.0,0.2631,-12.7538,0.0845,0.298,207585.9403,reggae
115.0419,0.0767,0.6861,0.6357,0.0663,0.747,-2.433,0.0378,0.0,297002.9294,rock
131.4303,0.5332,0.5253,0.6423,0.6027,0.4683,-12.7991,0.0,0.2953,254332.3001,jazz
114.4764,0.0948,0.4392,0.7195,0.008,0.4102,-8.1092,0.227,0.423,202913.4178,hiphop
81.5535,0.4359,0.5017,0.6352,0.1052,0.3935,-7.7136,0.1253,0.1921,221894.0403,reggae
136.9387,0.0564,0.6168,0.6234,0.0,0.3167,-7.5319,0.0634,0.3431,303670.2505,rock
145.6403,0.0,0.7266,0.6323,0.2109,0.2804,-6.5874,0.0,0.3119,165250.2219,rock
104.409,0.6836,0.4279,0.4897,0.0936,0.2709,-8.6926,0.0733,0.2546,252638.4457,blues
135.3769,0.3848,0.5424,0.5428,0.097,0.8296,-7.8956,0.0895,0.2697,211782.0212,country
102.4215,0.0,0.7495,0.8479,0.2519,0.4002,-5.151,0.0818,0.0447,311633.1641,rock
105.0469,0.2021,0.6789,0.6998,0.0045,0.7195,-6.9148,0.0661,0.218,237834.1339,disco
105.317,0.2658,0.7217,0.6261,0.0,0.5126,-9.479,0.0,0.09,212427.5832,disco
149.25,0.5503,0.3472,0.5576,1.0,0.7664,-10.6418,0.0484,0.1175,299445.3942,jazz
107.6335,0.1975,0.7892,0.5419,0.1645,0.7698,-11.3944,0.0483,0.1921,273420.612,country
113.9499,0.1412,0.7565,0.5566,0.0883,0.6683,-11.4463,0.0657,0.4304,334152.1829,rock
142.6918,0.0106,0.9094,0.3526,0.1382,0.6759,-4.1912,0.0376,0.075,266355.8879,metal
111.9529,0.1144,0.5759,0.7642,0.1198,0.8063,-7.2534,0.0048,0.2716,244391.7651,disco
115.9252,0.391,0.5257,0.5663,0.1531,0.5069,-8.8422,0.0327,0.2517,267833.7713,country
120.1816,0.7581,0.2269,0.519,0.8056,0.6399,-14.2859,0.046,0.1556,283390.9891,jazz
117.294,0.1318,0.7453,0.8031,0.0298,0.6854,-9.1876,0.0197,0.0501,259477.434,disco
129.0506,0.0,0.5917,0.8226,0.0202,0.7613,-9.2836,0.0059,0.3137,213036.461,pop
126.2237,0.5126,0.646,0.5222,0.3443,0.1996,-8.1874,0.05,0.3036,203362.3508,blues
46.0809,0.8606,0.1706,0.1928,0.9072,0.6496,-26.7065,0.0233,0.1688,376666.9689,classical
93.0033,0.6644,0.2656,0.5229,0.4683,0.473,-10.5827,0.0571,0.0998,236760.0633,blues
151.2148,0.0728,0.8854,0.4546,0.3328,0.5129,-2.938,0.0736,0.2562,316883.0976,metal
119.1911,0.2057,0.5588,0.6627,0.0293,0.7531,-4.5016,0.0256,0.2677,207336.7896,pop
101.491,0.0491,0.5767,0.7728,0.0277,0.5362,-2.7545,0.1504,0.1993,207599.66,hiphop
122.0673,0.0882,0.9555,0.2407,0.0,0.1729,-0.8536,0.1345,0.5236,260510.4643,metal
103.1435,0.1273,0.6079,0.7426,0.0178,0.8003,-7.5603,0.2289,0.2758,192835.9998,hiphop
104.7577,0.6553,0.5351,0.2481,0.0,0.696,-14.1416,0.0783,0.1176,243585.2733,blues
143.4535,0.0146,0.7664,0.2766,0.0799,0.3305,-5.1112,0.1076,0.1947,214275.5365,metal
122.7844,0.1836,0.7625,0.8376,0.0534,0.5575,-7.2886,0.0826,0.0213,186577.4341,disco
126.97,0.2489,0.5768,0.7258,0.0,0.409,-3.0146,0.1956,0.1689,247103.5375,hiphop
94.5574,0.2626,0.6817,0.8319,0.0212,0.4016,-5.2656,0.4128,0.2052,251544.6859,hiphop
91.9086,0.557,0.2272,0.9018,0.0575,0.6254,-7.2857,0.109,0.2274,269895.3833,reggae
87.4472,0.4671,0.4391,0.496,0.4271,0.5152,-5.6977,0.085,0.4074,302196.8446,jazz
90.5467,0.5022,0.2588,0.6619,0.201,0.3387,-8.3125,0.0826,0.3714,220794.5523,reggae
114.108,0.6039,0.3594,0.4717,0.3664,0.5873,-13.2848,0.0573,0.1854,299827.2015,jazz
95.1994,0.2044,0.8655,0.693,0.0067,0.1646,-6.3567,0.1384,0.1582,322327.5175,hiphop
72.575,0.8953,0.2253,0.2496,0.7058,0.3967,-23.608,0.0449,0.1719,211634.2599,classical
130.1054,0.0,0.9339,0.3393,0.0696,0.4124,-4.5133,0.0548,0.0,278371.2923,metal
122.8753,0.4817,0.52,0.5439,0.1283,0.5507,-10.185,0.0387,0.1246,170926.6401,country
135.3211,0.2353,0.6959,0.6556,0.0292,0.7655,-6.6227,0.0633,0.2212,262763.8869,disco
92.8488,0.9137,0.0848,0.276,0.8153,0.3618,-17.4653,0.0328,0.1782,220682.371,classical
103.6722,0.0468,0.6343,0.7795,0.0,0.6097,-5.0851,0.4373,0.2078,153071.5071,hiphop
126.4345,0.2964,0.631,0.5423,0.0,0.7548,-8.5212,0.0857,0.1814,221313.9745,pop
118.0581,0.2045,0.696,0.477,0.0484,0.2478,-7.3042,0.0485,0.2611,275152.6279,rock
120.0975,0.1027,0.9954,0.5391,0.0025,0.509,-1.919,0.0172,0.2126,217451.822,pop
99.2399,0.0061,0.6425,0.8263,0.0214,0.5086,-4.6465,0.122,0.0851,211206.0763,hiphop
120.9082,0.1984,0.7102,0.6844,0.0727,0.6742,-3.3155,0.0837,0.1405,261871.8066,disco
100.321,0.0601,0.7019,0.8272,0.0246,0.5259,-5.5513,0.0245,0.3009,215597.8243,pop
114.1761,0.7964,0.4404,0.4547,0.1842,0.3616,-8.4373,0.0669,0.2282,189364.942,blues
137.0529,0.3299,0.4497,0.5955,0.1417,0.7563,-12.7556,0.0447,0.0869,210637.0617,country
175.6553,0.0789,0.8429,0.4038,0.0376,0.3149,-4.4509,0.1377,0.1467,129162.5198,metal
109.2038,0.1934,0.6893,0.6921,0.0532,0.7388,-8.6971,0.0527,0.2468,217137.2945,disco
117.2732,0.3795,0.4889,0.511,0.347,0.4505,-13.5314,0.0195,0.3047,248362.556,blues
107.9023,0.3969,0.3631,0.4244,0.0,0.5293,-7.4252,0.039,0.2418,228050.6786,blues
101.8173,0.0549,0.798,0.3216,0.1998,0.2381,-5.5167,0.0658,0.3894,213355.4802,metal
136.2322,0.202,0.8696,0.4686,0.121,0.6051,-6.7679,0.026,0.1291,239153.4051,rock
93.3542,0.523,0.4951,0.7049,0.2181,0.1898,-7.2319,0.0666,0.1088,243461.769,reggae
62.8749,0.4874,0.4748,0.5735,0.432,0.4426,-9.2443,0.0619,0.1191,228243.1024,blues
86.1629,0.2352,0.3201,0.6338,0.265,0.4677,-11.7843,0.0402,0.4013,231531.3664,blues
68.0478,0.1638,0.6921,0.7268,0.0136,0.5806,-8.119,0.2532,0.2997,212022.0484,hiphop
89.6458,0.4633,0.5224,0.2596,0.0919,0.5472,-16.2123,0.0935,0.3813,223374.5098,blues
98.451,0.8129,0.6434,0.5845,0.1282,0.3695,-5.3016,0.0418,0.2074,195688.7999,reggae
130.5619,0.1468,0.6366,0.6814,0.0091,0.7186,-5.9604,0.0176,0.1496,247298.564,disco
97.7728,0.7228,0.5545,0.6736,0.0,0.7948,-11.3104,0.0762,0.0765,292275.784,reggae
68.9782,0.4963,0.5673,0.719,0.2441,0.5212,-11.1775,0.0581,0.1807,226361.4042,reggae
79.007,0.257,0.5774,0.7253,0.0196,0.5653,-6.2045,0.0691,0.3044,209410.1944,pop
122.006,0.7612,0.3519,0.5945,0.5386,0.4123,-14.9357,0.1206,0.0,284989.4052,jazz
96.6649,0.3774,0.6967,0.7778,0.0,0.8295,-6.9171,0.0582,0.0063,242213.9044,disco
110.3195,0.2309,0.898,0.4648,0.2993,0.5844,-7.7545,0.0488,0.4199,291537.9116,rock
134.3923,0.082,0.6299,0.7687,0.0088,0.6813,-5.028,0.0635,0.2121,246154.4013,disco
98.699,0.0767,0.3424,0.6601,0.0732,0.29,-6.542,0.0365,0.3493,302825.3039,reggae
129.8427,0.2628,0.5495,0.5885,0.0397,0.5454,-4.1271,0.0629,0.2723,222699.1345,pop
111.8784,0.0655,0.816,0.7344,0.0299,0.4859,-5.1487,0.0266,0.2334,251366.601,pop
125.1831,0.0,0.774,0.3837,0.1395,0.5625,-2.7412,0.1192,0.146,304246.6631,metal
63.2158,0.8435,0.1942,0.3084,0.696,0.4747,-27.3687,0.0319,0.1032,277204.7638,classical
143.6389,0.0,0.8052,0.472,0.0,0.3081,-4.6522,0.0838,0.3179,339928.5309,metal
83.5653,0.4153,0.593,0.4008,0.5448,0.3945,-13.1955,0.0315,0.223,282490.7663,jazz
63.9113,0.5984,0.239,0.2726,0.5792,0.0963,-17.9666,0.0439,0.1253,279820.4251,jazz
161.6872,0.0257,1.0,0.3026,0.3885,0.6004,-4.8234,0.0702,0.1418,214508.9287,metal
126.4734,0.2536,0.7662,0.7112,0.0,0.7243,-6.0028,0.0507,0.1405,189292.2846,pop
153.7811,0.0003,0.875,0.3655,0.2713,0.3222,-1.8986,0.0324,0.2726,231205.4491,metal
122.5614,0.0989,0.7827,0.4221,0.3263,0.5289,-5.5342,0.0659,0.4004,275920.7837,rock
118.3853,0.4861,0.5682,0.3078,0.0452,0.4297,-12.5593,0.0787,0.2304,218955.9122,country
128.5255,0.2099,0.5733,0.4658,0.1995,0.5118,-3.0653,0.0127,0.0,284635.8932,rock
129.7598,0.8469,0.5938,0.7134,0.3334,0.5025,-13.9662,0.0571,0.1526,185721.8998,jazz
64.2695,0.9142,0.1314,0.4382,0.7753,0.5433,-21.7532,0.0407,0.1429,280227.7751,classical
112.7404,0.5519,0.4622,0.5603,0.146,0.1829,-5.6695,0.0715,0.3831,160921.3806,reggae
95.0304,0.4876,0.5803,0.4526,0.0395,0.1938,-6.2209,0.0346,0.1765,170065.7303,country
100.2842,0.9216,0.476,0.3426,0.7178,0.3606,-15.731,0.0694,0.1762,304642.7908,jazz
104.8335,0.5033,0.6987,0.4508,0.0497,0.7063,-14.808,0.0488,0.1371,215315.955,country
105.5097,0.2001,0.8631,0.6196,0.1113,0.2994,-7.8006,0.1152,0.1672,242698.1519,disco
131.6421,0.0703,0.6654,0.6709,0.0106,0.4701,-7.2764,0.079,0.1215,237281.8115,disco
107.0968,0.1437,1.0,0.7743,0.0,0.7412,-8.0342,0.0312,0.4103,272004.3608,disco
116.1984,0.0,0.6486,0.5107,0.0859,1.0,-8.6916,0.0562,0.0364,232549.6356,rock
106.1217,0.9146,0.6053,0.5292,0.3445,0.7836,-14.1831,0.0638,0.1991,215510.4837,jazz
129.2605,0.1897,0.846,0.7927,0.0164,0.5644,-11.7006,0.0569,0.0347,216636.8863,pop
63.2501,0.3985,0.1937,0.5558,0.8099,0.345,-16.0003,0.087,0.1128,298470.6119,blues
112.8433,0.0122,0.8505,0.722,0.0025,0.7304,-5.7006,0.079,0.202,244775.7041,disco
89.1289,0.9563,0.3744,0.3439,0.9242,0.3055,-21.7338,0.0261,0.2292,209301.7826,classical
122.2426,0.4522,0.3188,0.4756,0.0256,0.4774,-8.7751,0.0785,0.2612,185436.8777,country
116.4165,0.4428,0.2929,0.5926,0.4801,0.4078,-9.7974,0.0286,0.1303,270569.3238,jazz
134.1796,0.0694,0.8748,0.5559,0.4124,0.5558,-4.6046,0.0687,0.2351,238354.3803,rock
133.6495,0.1321,0.9869,0.2347,0.1563,0.5012,-4.3687,0.0815,0.2253,257769.3078,rock
136.2251,0.6631,0.7399,0.69,0.0,0.4853,-6.4274,0.0486,0.1684,263340.4823,pop
109.8919,0.0175,0.503,0.5798,0.2711,0.644,-11.3034,0.0814,0.0,186601.5479,reggae
140.9473,0.0,0.5802,0.4383,0.3604,0.8019,-4.587,0.0707,0.0,257054.1173,rock
87.426,0.5039,0.351,0.6779,0.0544,0.575,-6.4548,0.1022,0.1251,235467.9681,reggae
128.1214,0.9133,0.3315,0.5122,0.048,0.548,-17.1907,0.066,0.0158,287142.9112,jazz
108.5874,0.1107,0.6355,0.8032,0.0814,0.5753,-7.7447,0.0938,0.2582,252451.2211,reggae
117.8907,0.0631,1.0,0.4205,0.0,0.212,-4.4814,0.1001,0.1477,307552.7351,rock
122.4793,0.1455,0.5929,0.755,0.0,0.5928,-8.1262,0.0686,0.388,257157.224,disco
119.5787,0.1622,0.5728,0.8444,0.0548,0.5108,-4.8992,0.1768,0.1885,167246.7904,hiphop
111.6936,0.0,0.823,0.87,0.1496,0.8358,-4.597,0.0616,0.0,240836.4312,disco
156.0972,0.0171,0.7055,0.5786,0.2779,0.4641,-6.8093,0.0621,0.1559,224178.1359,rock
79.7512,1.0,0.0872,0.262,0.6871,0.2158,-23.305,0.0685,0.297,259843.6465,classical
68.1803,0.2408,0.4898,0.6607,0.1152,0.4809,-4.5665,0.0995,0.1193,233780.4597,reggae
77.677,1.0,0.2092,0.3581,0.7915,0.3244,-25.1179,0.0486,0.0819,319935.1142,classical
71.9431,0.1858,0.5828,0.8353,0.0,0.5405,-7.0751,0.2203,0.1233,212176.1615,hiphop
70.8235,0.5913,0.3127,0.4561,0.206,0.3869,-16.1858,0.0831,0.3714,252709.4771,jazz
123.6944,0.2809,0.6676,0.7651,0.0441,0.6888,-8.7704,0.0773,0.2418,278556.7085,disco
99.8212,0.1852,0.6641,0.68,0.0,0.83,-10.931,0.0349,0.212,287350.8921,disco
161.2851,0.2326,0.6059,0.5257,0.0,0.6623,-9.2704,0.0359,0.2495,270025.2953,rock
132.6832,0.0779,0.6826,0.7613,0.0,0.6117,-4.4478,0.0757,0.1843,243392.1709,disco
142.4657,0.265,0.4703,0.6997,0.0842,0.4436,-6.1184,0.1265,0.2317,284404.6897,pop
90.1593,0.1991,0.8358,0.779,0.0124,0.2411,-7.4323,0.3107,0.1861,232856.9505,hiphop
148.4438,0.0,0.9564,0.4684,0.09,0.3386,-6.3804,0.1275,0.3081,273092.4977,metal
162.2994,0.0083,0.9329,0.3643,0.0819,0.0957,-4.5722,0.1173,0.2701,205031.5798,metal
68.5416,0.6988,0.4411,0.4639,0.087,0.4414,-14.9819,0.0556,0.1655,237849.3923,jazz
130.7159,0.0954,0.9638,0.3232,0.4554,0.2721,-3.9411,0.1349,0.0,248148.7077,metal
94.5581,0.0408,0.7185,0.9948,0.021,0.5333,-7.33,0.0857,0.2534,243777.3962,hiphop
93.592,0.0135,0.7176,0.3268,0.0512,0.4326,-3.3806,0.0643,0.4044,263575.3623,rock
139.5803,0.1186,0.5307,0.5131,0.0,0.6248,-6.4974,0.1155,0.4107,202268.8372,rock
109.383,0.3702,0.4997,0.7506,0.0856,0.7939,-6.0631,0.0246,0.0338,197653.4492,pop
109.5375,0.7881,0.3521,0.4647,0.2157,0.2064,-11.7908,0.1001,0.2285,179427.2402,blues
117.354,0.2555,0.6588,0.704,0.0,0.5094,-5.9416,0.0559,0.2055,278239.2347,disco
131.0193,0.302,0.5935,0.758,0.026,0.6409,-6.3889,0.0212,0.0893,230962.4648,disco
97.0364,0.2675,0.2527,0.3143,0.3483,0.7096,-6.9126,0.0031,0.3705,282138.0188,blues
106.9334,0.0174,0.7247,0.2937,0.1353,0.157,-5.6767,0.0195,0.1928,277204.318,rock
115.1203,0.414,0.8443,0.6957,0.1953,0.5188,-10.5438,0.0529,0.0,281483.6904,reggae
157.3382,0.2819,0.8385,0.5851,0.3702,0.0798,-6.9287,0.0855,0.1994,305790.0239,rock
95.731,0.0,0.4862,0.6422,0.0317,0.2689,-2.1001,0.147,0.3537,207223.098,hiphop
129.9168,0.7571,0.8497,0.6924,0.0515,0.511,-7.2718,0.0835,0.2234,235908.6155,country
95.4538,0.2749,0.5528,0.7841,0.0193,0.3947,-7.2718,0.1486,0.3217,287002.8547,hiphop
98.5003,0.5699,0.5617,0.755,0.2761,0.9507,-9.1859,0.0587,0.108,269078.566,reggae
71.945,0.8541,0.2473,0.5123,0.4893,0.3276,-16.9493,0.0683,0.3993,253513.1898,jazz
127.5745,0.0501,0.9133,0.4079,0.4278,0.2684,-1.5186,0.1091,0.2775,328600.8587,metal
138.76,0.0071,0.8594,0.3589,0.0411,0.5379,-2.4598,0.0434,0.1008,252136.1678,metal
112.689,0.2831,0.4768,0.5976,0.0337,0.8206,-10.4039,0.125,0.156,153483.7511,pop
109.2447,0.1431,0.8316,0.4414,0.1991,0.1773,-8.0849,0.0,0.1154,317863.4733,rock
106.1754,0.6617,0.3536,0.5457,0.0883,0.3087,-7.6192,0.0892,0.1152,206989.0645,blues
124.4239,0.0097,0.8798,0.3493,0.0,0.4717,-3.3072,0.023,0.2439,250785.7091,metal
109.894,0.0326,0.7869,0.8081,0.0,0.5371,-7.0975,0.2549,0.3688,207025.3389,hiphop
85.6717,0.3282,0.4844,0.4173,0.1558,0.5109,-14.4852,0.0328,0.2185,283623.4406,blues
110.1645,0.406,0.7049,0.7331,0.0728,0.5192,-6.1769,0.0199,0.1528,165332.1743,pop
101.5482,0.4989,0.3964,0.3159,0.0888,0.3067,-14.3719,0.0732,0.3436,199137.1905,blues
93.9905,0.3717,0.3388,0.3863,0.3545,0.3652,-11.5357,0.0779,0.183,227478.5804,blues
54.7624,0.8804,0.2248,0.2821,0.762,0.3261,-21.1864,0.0198,0.2065,319759.9582,classical
102.9452,0.0,0.7296,0.7224,0.0333,0.6486,-7.1958,0.3702,0.2739,191022.8004,hiphop
114.3173,0.1311,0.5776,0.8575,0.0333,0.4977,-4.4946,0.0449,0.2335,265242.4915,disco
101.671,0.5871,0.5531,0.5455,0.2985,0.4835,-11.128,0.0724,0.1129,256636.7667,blues
124.0823,0.0539,0.8536,0.6442,0.0,0.8768,-8.8465,0.0987,0.2725,227333.4506,rock
67.8469,0.9305,0.2795,0.318,0.7016,0.5339,-15.6833,0.0499,0.2279,354517.5998,classical
87.1467,0.4109,0.4838,0.7252,0.1204,0.7085,-10.8574,0.1084,0.1094,207097.3339,reggae
99.4564,0.2433,0.6528,0.9138,0.0,0.4484,-9.7107,0.0633,0.1667,177830.7094,reggae
74.2886,0.8862,0.1586,0.3634,0.8004,0.401,-19.3197,0.0325,0.2105,302730.5562,classical
115.3353,0.2652,0.7732,0.8404,0.0698,0.7394,-10.5623,0.0505,0.1775,276709.9446,disco
86.2762,0.429,0.3652,0.7624,0.0502,0.4043,-9.868,0.0614,0.1675,267987.1961,reggae
145.8027,0.0271,0.9966,0.5449,0.3303,0.0,-3.1196,0.1006,0.2748,290488.9817,metal
84.7923,0.595,0.3479,0.3285,0.4444,0.5214,-15.1986,0.0519,0.247,227212.8269,jazz
107.3233,0.3443,0.3769,0.8536,0.0634,0.4011,-14.2864,0.0542,0.0545,205087.1665,reggae
78.2728,0.6959,0.4457,0.4116,0.5571,0.212,-9.7703,0.0396,0.5547,258376.2838,jazz
123.6455,0.2885,0.6008,0.8413,0.0561,0.8131,-11.221,0.0492,0.242,233906.4908,country
123.0062,0.0,0.6129,0.3466,0.2568,0.5955,-7.7232,0.0431,0.1262,210136.2453,rock
135.596,0.1117,0.8454,0.3627,0.0,0.5786,-8.0114,0.058,0.2679,261165.3802,rock
84.5852,0.0445,0.6034,0.7191,0.0988,0.668,-6.5701,0.0546,0.2451,299794.2693,rock
86.2107,0.2812,0.5131,0.5455,0.4681,0.2596,-13.7193,0.0738,0.1915,155140.7275,blues
73.284,0.7949,0.2825,0.8671,0.2785,0.2737,-12.4696,0.1059,0.2597,288612.121,jazz
135.8798,0.0,0.8482,0.4484,0.0,0.3338,-1.7053,0.0478,0.0715,253034.7449,metal
92.4582,0.2422,0.4667,0.6881,0.0955,0.521,-8.0282,0.0074,0.127,218802.887,reggae
86.992,0.9358,0.2796,0.2553,0.7926,0.3327,-25.3442,0.0532,0.202,315613.2817,classical
116.629,0.4848,0.4234,0.4347,0.0,0.2302,-8.1167,0.0,0.108,222012.5975,blues
91.9501,0.7336,0.2091,0.4227,0.3809,0.6617,-11.5978,0.0683,0.0474,244418.0283,jazz
127.0711,0.3541,0.5525,0.72,0.0984,0.6933,-3.2736,0.0359,0.0814,194725.7205,country
98.4953,0.471,0.3309,0.746,0.0,0.4938,-2.5142,0.0699,0.126,276103.3032,reggae
110.2464,0.0929,0.716,0.7249,0.0527,0.5619,-7.1538,0.0423,0.0,179288.5188,rock
80.1464,0.3131,0.6051,0.2755,0.4354,0.3621,-11.6346,0.0723,0.2697,202814.557,blues
81.8012,0.626,0.4212,0.221,0.6092,0.8425,-15.3603,0.0678,0.4037,251802.325,jazz
124.2129,0.1332,0.717,0.4373,0.0343,0.5488,-7.5491,0.0886,0.348,299473.7398,rock
128.6912,0.0,0.809,0.7531,0.0371,0.4336,-8.9596,0.096,0.1791,248351.954,disco
80.2214,0.2264,0.612,0.6862,0.0,0.338,-12.4418,0.0447,0.2414,238757.5539,reggae
114.8776,0.7944,0.4198,0.5983,0.5736,0.6412,-11.3875,0.0359,0.0,337174.6428,jazz
119.8274,0.0781,0.9258,0.3823,0.2098,0.0,-3.4358,0.1539,0.2618,171400.5237,metal
89.1904,0.9106,0.1796,0.2508,0.7129,0.4542,-20.9764,0.053,0.1493,310791.9887,classical
114.2644,0.0412,0.6276,0.7159,0.0,0.645,-8.0159,0.0837,0.2423,218770.8771,disco
98.5129,0.145,0.8791,0.5433,0.0884,0.2393,-6.1167,0.097,0.0649,238986.3772,rock
108.7666,0.6108,0.97,0.7758,0.1163,0.7753,-10.6777,0.0843,0.1352,245919.3823,reggae
117.6215,0.0,0.8352,0.9223,0.1269,0.8428,-6.5478,0.0347,0.2073,303167.6411,disco
157.769,0.041,0.9039,0.5325,0.1006,0.2388,-1.2549,0.182,0.176,254312.8381,metal
109.2158,0.4138,0.8556,0.3386,0.0359,0.7681,-13.3977,0.0371,0.1271,212184.8597,country
130.705,0.6495,0.4571,0.6208,0.0103,0.2177,-8.6301,0.0406,0.136,289137.0091,country
119.7681,0.7818,0.4347,0.6158,0.572,0.5706,-13.0885,0.0573,0.1704,370707.6308,jazz
115.3256,0.2664,0.4891,0.7511,0.0375,0.8285,-4.2199,0.122,0.159,184119.8904,pop
103.1951,0.3404,0.8402,0.7064,0.0413,0.7381,-3.2085,0.0991,0.0372,270294.2325,pop
115.5279,0.3486,0.7207,0.8076,0.0176,0.7835,-9.9113,0.0461,0.0792,221850.8003,disco
80.8574,0.1308,1.0,0.9117,0.0,0.5614,-4.1358,0.2018,0.134,210656.2525,hiphop
122.9355,0.0205,0.7089,0.7913,0.0371,0.53,-4.9396,0.0819,0.0959,201176.773,disco
70.462,1.0,0.1644,0.3738,0.66,0.3192,-25.8001,0.0332,0.2172,176360.7746,classical
76.3138,0.9975,0.1987,0.074,0.7714,0.3256,-13.616,0.0109,0.1187,382351.1608,classical
85.4983,0.1469,0.5766,0.6585,0.0047,0.3338,-13.6914,0.0651,0.1915,194987.9676,reggae
71.4816,0.7448,0.5014,0.3763,0.5523,0.4791,-8.4735,0.1177,0.0003,384696.3503,jazz
107.7567,0.9318,0.3707,0.5311,0.2197,0.4195,-13.3684,0.1076,0.2833,329186.0181,jazz
87.8733,0.3806,0.6838,0.553,0.1736,0.5963,-12.1759,0.0,0.1864,287908.5193,reggae
97.8753,0.9832,0.3998,0.2318,0.6393,0.85,-9.2722,0.1149,0.097,305607.6198,jazz
105.1579,0.2744,0.3858,0.6957,0.1118,0.2449,-9.1222,0.1147,0.2451,319191.8046,reggae
101.4932,0.7197,0.519,0.6345,0.0,0.6523,-9.4841,0.0404,0.1981,202646.1161,country
145.8994,0.1201,0.8725,0.4195,0.0,0.3792,-7.6125,0.041,0.1061,229250.069,rock
127.2113,0.5653,0.4291,0.6519,0.0404,0.2962,-7.6344,0.0543,0.1572,218689.142,country
103.0023,0.0856,0.8811,0.7652,0.0112,0.3001,-6.7214,0.2377,0.1427,203003.0013,hiphop
77.0365,0.9037,0.1605,0.0871,0.8386,0.4768,-28.3025,0.0268,0.0574,222078.9283,classical
116.9655,0.0,0.854,0.7242,0.0804,0.7818,-9.4906,0.0323,0.3547,248713.0655,disco
84.8766,0.6795,0.4239,0.4966,0.4675,0.5295,-11.4852,0.0399,0.3362,274825.1031,blues
86.0224,0.852,0.2887,0.5844,0.1531,0.4819,-7.708,0.0822,0.3091,188178.291,blues
82.8419,0.5391,0.5315,0.7612,0.1671,0.5186,-5.7243,0.0496,0.2778,214391.7882,reggae
108.7291,0.6709,0.4225,0.5876,0.0541,0.2698,-12.9571,0.0502,0.3781,240274.4434,country
131.5839,0.3254,0.4475,0.7241,0.0963,0.4797,-9.3216,0.0479,0.1832,236543.9082,country
71.9654,0.9637,0.0708,0.3353,1.0,0.4199,-23.5048,0.0299,0.1172,264762.2393,classical
96.1283,0.5943,0.4035,0.5238,0.0323,0.6145,-15.3573,0.0678,0.1123,262698.7153,country
98.1412,0.4521,0.552,0.3859,0.0176,0.4918,-7.7596,0.0592,0.1219,236410.4361,country
113.3685,0.0086,0.9212,0.6129,0.0358,0.2611,-3.1609,0.121,0.382,217682.2068,metal
91.0074,0.3204,0.4633,0.3043,0.0446,0.2874,-8.4682,0.0491,0.1463,327961.1632,blues
127.995,0.1772,0.6865,0.6654,0.0125,0.4437,-4.4191,0.1296,0.1143,226606.2151,pop
127.6096,0.0211,0.8381,0.4914,0.1666,0.5271,-5.2183,0.1967,0.0,180743.2546,metal
78.4258,0.2253,0.7061,0.7276,0.0043,0.8682,-6.9198,0.0868,0.2295,261562.2048,pop
102.2911,0.2646,0.4244,0.5906,0.1423,0.8475,-10.2092,0.0714,0.3072,157582.1718,reggae
139.7406,0.677,0.4825,0.4156,0.5202,0.2082,-21.033,0.0883,0.1023,237223.6077,jazz
121.1192,0.1532,0.9028,0.7874,0.0315,0.6272,-7.0984,0.2381,0.2303,218873.0654,hiphop
90.1474,0.0,0.5485,0.8646,0.0,0.4664,-10.6636,0.0569,0.299,241605.2928,hiphop
121.9865,0.5084,0.7176,0.6878,0.0,0.5929,-11.5435,0.0462,0.2122,100695.0773,country
80.4526,0.5581,0.4032,0.2897,0.0659,0.6352,-9.8458,0.0203,0.0152,234952.6245,blues
139.8318,0.1011,0.7187,0.5217,0.2053,0.5715,-7.3536,0.0548,0.5472,261304.6209,rock
93.2904,0.0781,0.5801,0.823,0.0,0.3526,-3.7365,0.2021,0.1653,244236.2442,hiphop
122.7225,0.0715,0.9253,0.561,0.141,0.4421,-3.3995,0.0588,0.2584,200784.8328,metal
111.8862,0.1325,0.794,0.7349,0.0277,0.7328,-4.645,0.2334,0.2513,188709.8437,hiphop
144.241,0.4866,0.6362,0.5316,0.0817,0.6065,-8.8252,0.0528,0.2252,209704.6648,country
98.2909,0.3067,0.465,0.5956,0.0407,0.6035,-11.3589,0.0838,0.1035,163560.3244,reggae
111.4103,0.7368,0.1335,0.4215,0.6038,0.3156,-11.2758,0.0239,0.207,230697.418,jazz
118.5958,0.1877,0.4691,0.8286,0.0122,0.5324,-6.0454,0.2405,0.1108,213617.72,hiphop
130.531,0.1504,0.7359,0.4055,0.0,0.8111,-5.7721,0.0938,0.4577,231511.8881,rock
133.8952,0.6125,0.5212,0.397,0.3945,0.3429,-11.85,0.0783,0.0045,311866.2537,blues
129.224,0.0277,0.9568,0.37,0.0,0.5571,-3.2014,0.1404,0.3939,368994.4654,metal
76.4332,0.3855,0.5196,0.8538,0.1341,0.637,-6.2981,0.1237,0.2784,286778.5389,reggae
94.4025,0.9379,0.0998,0.289,0.7947,0.1453,-23.0233,0.0252,0.2239,282076.7125,classical
104.5176,0.3997,0.5483,0.6076,0.1363,0.6819,-6.1135,0.0789,0.237,218715.2482,country
108.8556,0.132,0.5509,0.8419,0.0,0.7382,-6.1147,0.0,0.1978,205783.2671,hiphop
100.199,0.721,0.2775,0.3624,0.3149,0.3857,-17.4904,0.0649,0.3595,180645.085,jazz
115.0641,0.7144,0.5364,0.3596,0.5055,0.2735,-10.1501,0.0108,0.0,254323.1041,blues
106.2988,0.5842,0.3333,0.702,0.1797,0.5164,-18.2558,0.0983,0.3763,241342.5204,blues
101.2865,0.2267,0.6967,0.7312,0.0075,0.1809,-6.2788,0.18,0.0867,193676.5577,hiphop
118.6001,0.0,0.4989,0.6285,0.0358,0.6787,-11.5501,0.0239,0.1729,221104.7984,country
111.7226,0.0,0.4773,0.6795,0.0,0.5703,-4.2442,0.0348,0.1802,174359.431,country
95.6006,0.2234,0.696,0.8206,0.0181,0.7733,-4.5572,0.1757,0.1159,218258.6048,hiphop
157.879,0.0775,0.9932,0.6525,0.3326,0.2295,-2.3054,0.1255,0.568,211642.0742,metal
116.2023,0.0627,0.753,0.7262,0.0336,0.6659,-5.8967,0.0431,0.1228,252951.7256,disco
100.9587,0.4,0.7178,0.5864,0.1143,0.4769,-10.2269,0.0445,0.291,257518.7426,blues
130.2299,0.7143,0.0345,0.382,0.7219,0.7183,-10.6725,0.0122,0.2952,310775.7608,jazz
107.8463,0.6825,0.2217,0.4523,0.0,0.7669,-15.7846,0.0286,0.0751,172650.2785,blues
101.7219,0.0932,0.602,0.7801,0.0,0.5325,-5.1735,0.1795,0.161,213509.093,hiphop
92.9211,0.1484,0.6013,0.8825,0.0,0.8016,-8.0985,0.1907,0.32,225886.0979,hiphop
139.7666,0.0635,1.0,0.4294,0.3029,0.4218,-4.7662,0.0,0.524,207544.8905,metal
130.8849,0.1721,0.8885,0.5371,0.0445,0.4412,-8.6459,0.1098,0.1688,293534.8207,rock
126.6463,0.0654,0.8729,0.6416,0.0659,0.7532,-8.7622,0.0809,0.1486,260854.2728,disco
86.3372,0.1981,0.6433,0.6196,0.0015,0.8139,-7.9361,0.0706,0.2641,230357.2749,reggae
116.4982,0.3564,0.6539,0.5564,0.0,0.6251,-8.2589,0.0075,0.2336,230534.9521,pop
133.9397,0.1566,0.6469,0.6237,0.0198,0.7282,-6.8227,0.0907,0.0887,232771.517,pop
77.0766,0.2737,0.6287,0.5886,0.0891,0.796,-8.3667,0.1299,0.3134,230309.5334,reggae
106.7058,0.0811,0.6602,0.6597,0.0158,0.5686,-5.9552,0.0916,0.1849,201469.4455,pop
151.0665,0.8898,0.4037,0.4648,0.517,0.5409,-9.1999,0.0727,0.3589,318463.5055,jazz
114.8962,0.2106,0.6592,0.5436,0.1197,0.4226,-13.8068,0.0493,0.3096,225632.9748,country
127.8352,0.0436,0.9137,0.5103,0.2775,0.344,-7.3926,0.0784,0.277,274300.4617,metal
77.7067,0.9869,0.0889,0.1828,0.636,0.3933,-17.0202,0.0314,0.0,177760.4282,classical
121.772,0.0546,0.7189,0.6352,0.0,0.3485,-3.4955,0.0623,0.3505,268078.836,rock
106.8346,0.0393,0.9372,0.493,0.2327,0.6331,-2.0059,0.224,0.7451,172094.8706,metal
158.4024,0.552,0.4606,0.7813,0.0292,0.5739,-10.4613,0.083,0.1695,225231.9435,country
142.8411,0.2478,0.8014,0.6261,0.0202,0.6653,-4.1905,0.1054,0.0,209176.7598,rock
131.0375,0.0352,0.8503,0.4712,0.1585,0.2389,-1.3236,0.1002,0.3746,330829.4365,metal
115.5167,0.1872,0.8945,0.7954,0.1176,0.4986,-7.2536,0.0966,0.1112,268956.6789,disco
107.5114,0.0229,0.7003,0.3825,0.1835,0.3591,-7.7876,0.0482,0.3989,259669.4278,rock
95.9888,0.489,0.5532,0.4355,0.4478,0.5074,-10.5722,0.0606,0.0701,287193.8502,jazz
117.4927,0.0,0.919,0.4543,0.0488,0.6364,-2.373,0.0587,0.1717,248609.3393,metal
115.0043,0.1098,0.8784,0.5399,0.0,0.4123,-4.2279,0.024,0.2382,249589.5796,rock
85.0212,0.7279,0.5962,0.6372,0.4249,0.5622,-8.8013,0.068,0.2107,229323.3126,blues
105.0059,0.5195,0.5542,0.5135,0.0303,0.4585,-13.9374,0.0577,0.2032,249738.4588,country
113.5721,0.0472,0.9217,0.3997,0.2174,0.2843,-5.3403,0.1172,0.3681,234636.4881,metal
126.9709,0.2272,0.6644,0.8728,0.129,0.7816,-8.6859,0.0294,0.1673,241822.9529,disco
76.7703,0.616,0.5865,0.5123,0.0,0.2854,-8.3283,0.0823,0.2003,171603.3438,country
108.6443,0.5942,0.5723,0.7046,0.0323,0.6342,-7.4823,0.08,0.0093,203955.7104,country
89.3594,0.4236,0.4233,0.5709,0.2045,0.3255,-11.5965,0.0218,0.2476,159597.3033,blues
95.3798,0.5431,0.1672,0.4323,0.2612,0.3578,-11.7405,0.0746,0.0705,166738.1004,blues
124.2086,0.1069,0.545,0.6446,0.0052,0.3375,-7.303,0.0806,0.2966,226631.7401,pop
103.0918,0.1585,0.7903,0.8265,0.021,0.4077,-5.4115,0.0694,0.3362,170910.2312,hiphop
75.2704,0.5282,0.725,0.7186,0.0,0.5793,-8.4168,0.0342,0.164,173625.2245,reggae
133.9756,0.0597,0.944,0.3514,0.3407,0.1219,-4.1145,0.0821,0.1562,275189.6934,metal
121.8198,0.494,0.5103,0.5843,0.1101,0.5328,-8.0472,0.0463,0.1153,238300.7883,country
129.8724,0.7037,0.3664,0.6365,0.1019,0.5514,-15.0766,0.0922,0.1513,193717.3092,blues
75.2589,0.2504,0.3432,0.5478,0.388,0.1948,-13.9433,0.0383,0.1571,178707.7126,blues
87.6973,0.1768,0.5807,0.963,0.0078,0.3392,-7.9687,0.3348,0.1391,172268.2667,hiphop
113.4956,0.083,0.8056,0.5767,0.0723,0.6708,-6.1579,0.0449,0.2798,188827.6112,rock
62.718,0.9408,0.222,0.4359,0.9253,0.4035,-16.1468,0.0162,0.0988,224405.4435,classical
95.476,0.3586,0.4961,0.4864,0.2968,0.5228,-15.751,0.0441,0.3409,193080.8794,jazz
96.4054,0.9117,0.3868,0.5246,0.8447,0.3385,-16.9785,0.0541,0.3741,193456.1374,jazz
127.0122,0.3848,0.723,0.6241,0.0532,0.4864,-5.6729,0.0183,0.0667,211541.6001,pop
107.9091,0.0,0.8541,0.4387,0.0,0.132,-5.8589,0.0342,0.1968,230135.6302,metal
85.1119,0.0,0.9168,0.5707,0.0628,0.4319,-6.3649,0.095,0.088,257766.4541,pop
89.7124,0.758,0.1683,0.2835,0.5372,0.3641,-17.005,0.0183,0.1769,225050.5914,classical
110.419,0.0262,0.5189,0.4847,0.097,0.6134,-10.8021,0.0618,0.2523,193100.8974,country
80.3755,0.2057,0.373,0.6796,0.2763,0.9769,-13.9826,0.0658,0.0966,269533.5096,reggae
133.9849,0.1189,0.5161,0.7305,0.0117,0.6594,-4.5132,0.0473,0.0584,221574.554,pop
136.4384,0.1151,0.6186,0.7859,0.0172,0.4004,-0.8967,0.0269,0.1635,220400.6447,pop
121.9749,0.5383,0.7753,0.4234,0.0169,0.5784,-10.6929,0.0657,0.1613,185261.3517,country
66.9371,1.0,0.1457,0.3462,0.5193,0.6293,-19.5894,0.0364,0.196,195410.8343,classical
107.9006,0.3214,0.8159,0.8091,0.0372,0.647,-6.9201,0.1055,0.1231,218597.4144,hiphop
152.6623,0.1279,0.8476,0.6215,0.132,0.3534,-5.6094,0.0962,0.3295,283671.0404,rock
140.7344,0.5791,0.1909,0.6131,0.6731,0.3883,-18.7465,0.0377,0.2418,318283.6045,jazz
139.6392,0.2885,0.7703,0.5003,0.1635,0.4994,-7.5647,0.0445,0.0832,273776.9693,rock
140.5308,0.5623,0.3352,0.3378,0.3604,0.1353,-9.349,0.0845,0.2524,230115.2248,blues
117.9875,0.5411,0.2392,0.5959,0.1759,0.4513,-12.9424,0.1093,0.0948,224815.6611,blues
126.0182,0.9441,0.3911,0.7868,0.4287,0.362,-17.6302,0.1299,0.3729,243293.9633,jazz
94.2433,0.1845,0.7188,0.5558,0.1282,0.5326,-6.0914,0.0836,0.2202,184516.1161,rock
124.2933,0.0852,0.8498,0.6395,0.2301,0.2866,-3.3902,0.0493,0.1367,242380.2536,rock
78.2204,0.6623,0.3512,0.8615,0.0,0.5998,-10.4706,0.0663,0.2801,289993.0719,reggae
135.3547,0.0442,0.9869,0.4141,0.1295,0.2371,-8.7201,0.0935,0.1735,206232.5688,metal
133.0856,0.1462,0.7652,0.7088,0.0,0.8309,-6.3723,0.0178,0.1372,175713.6732,rock
100.3659,0.1097,0.5497,0.6776,0.0,0.5734,-7.5138,0.187,0.0,207027.2528,hiphop
76.164,0.4558,0.7556,0.5551,0.0298,0.2155,-7.6432,0.0632,0.0018,259708.6357,country
135.9136,0.5977,0.7378,0.5437,0.1108,0.2852,-6.8609,0.0346,0.0149,180655.0819,country
133.0061,0.0449,0.5855,0.4268,0.3624,0.6139,-5.4509,0.0307,0.3867,188903.8027,rock
100.6998,0.9056,0.1488,0.2186,0.8924,0.5193,-22.4558,0.0232,0.084,319035.5673,classical
118.7221,0.0626,0.9173,0.4679,0.1867,0.409,-4.9368,0.0797,0.4547,330729.5084,metal
68.9067,0.3697,0.6337,0.5682,0.0665,0.7878,-7.8538,0.066,0.086,181661.2209,country
95.8241,0.5377,0.5556,0.357,0.4534,0.4699,-14.9508,0.0962,0.4681,285082.5286,blues
78.4694,0.9679,0.0543,0.268,0.7294,0.2542,-23.1006,0.0699,0.0807,338096.7013,classical
108.2424,0.1287,0.6037,0.505,0.084,0.2319,-0.3483,0.0451,0.1758,293606.6146,rock
109.6514,0.3639,0.6211,0.5036,0.0662,0.359,-11.6449,0.0627,0.2687,185502.0341,country
163.3308,0.0,0.8697,0.4911,0.2015,0.195,-2.1319,0.0634,0.1634,284347.388,metal
47.2788,0.9333,0.1528,0.3459,0.9053,0.3707,-18.9595,0.0446,0.1924,237719.6042,classical
131.9732,0.2341,0.5232,0.5452,0.0929,0.4372,-11.0538,0.052,0.2806,300060.75,country
63.4702,0.6579,0.6325,0.4477,0.5752,0.7041,-7.6793,0.0427,0.2475,351102.7611,jazz
70.4663,0.985,0.0267,0.3862,0.743,0.4065,-26.508,0.0666,0.2497,337575.4315,classical
88.5625,0.0425,0.528,0.7614,0.0,0.6898,-8.733,0.0542,0.2855,141909.7292,reggae
98.4001,0.2005,0.7214,0.4734,0.0104,0.8913,-6.435,0.1296,0.2349,177471.612,pop
109.9992,0.1975,0.4754,0.6548,0.0414,0.7091,-7.5767,0.0233,0.1716,226830.9839,pop
117.5554,0.2388,0.64,0.75,0.0925,0.5563,-4.8092,0.0622,0.1835,179755.5658,disco
167.6019,0.0245,0.863,0.5124,0.0024,0.3459,-6.0797,0.0,0.2572,196830.2468,metal
149.059,0.534,0.6359,0.656,0.0963,0.4756,-8.1823,0.0446,0.2238,231959.181,country
146.5258,0.0,0.9286,0.3038,0.4197,0.4493,0.5597,0.0388,0.5124,169864.3791,metal
109.3014,0.2822,0.6579,0.8321,0.0,0.3343,-7.2324,0.0146,0.0317,228646.5228,pop
168.0036,0.0474,0.8788,0.277,0.181,0.547,-3.2914,0.0,0.4105,306574.9577,metal
86.1176,0.7019,0.4955,0.5508,0.237,0.5755,-8.2259,0.0734,0.3113,273769.0599,blues
91.2151,1.0,0.4159,0.5106,0.1704,0.4558,-8.4932,0.0566,0.4132,250761.7178,blues
118.1268,0.7031,0.2367,0.3965,0.0492,0.5091,-10.488,0.0183,0.1774,172764.9449,blues
66.559,0.3856,0.4629,0.3383,0.2268,0.5588,-14.9053,0.0538,0.323,221177.9224,blues
107.0172,0.0022,0.853,0.3451,0.2972,0.5247,0.4238,0.0518,0.5196,339563.3603,metal
109.9366,0.0,0.7668,0.6071,0.0527,0.468,-7.0818,0.0838,0.2293,233054.5121,pop
98.3911,0.0256,0.7417,0.8916,0.0621,0.7853,-7.6752,0.0447,0.2082,220251.3183,disco
95.6227,0.3803,0.2927,0.3898,0.2944,0.396,-10.354,0.075,0.1247,305954.7076,blues
102.0565,0.5598,0.5435,0.57,0.0714,0.3422,-11.6828,0.0058,0.2365,177572.6492,country
81.8862,0.183,0.6495,0.2166,0.1235,0.2218,-6.47,0.0322,0.2849,332285.632,country
131.3327,0.0098,0.5208,0.6471,0.0684,0.7898,-9.2817,0.1241,0.3049,174779.7502,pop
150.0378,0.0107,0.7937,0.5157,0.2533,0.2536,-3.1818,0.1529,0.4508,231772.0582,metal
113.3268,0.0,0.6792,0.7039,0.0,0.597,-7.0905,0.0983,0.3124,252203.133,hiphop
125.0922,0.3436,0.6375,0.52,0.0,0.7529,-6.9461,0.0235,0.058,229361.7295,disco
120.4092,0.5364,0.4947,0.609,0.5817,0.0,-17.8343,0.1166,0.168,160792.8388,jazz
69.3003,0.5017,0.4135,0.7909,0.0789,0.5208,-4.1725,0.1027,0.2973,247396.7872,reggae
136.7075,0.1609,0.4929,0.8137,0.0185,0.2892,-4.5751,0.111,0.0,185263.3607,pop
133.8404,0.1936,0.531,0.2856,0.0909,0.4644,-4.8404,0.0606,0.3373,193948.2129,rock
115.9451,0.0,0.7137,0.6501,0.1496,0.5932,-5.637,0.0927,0.1045,242281.4135,disco
54.6964,0.9289,0.1098,0.2658,0.7878,0.0942,-28.4626,0.0496,0.1082,126115.3395,classical
73.8747,0.7011,0.5027,0.6119,0.3293,0.4313,-7.4008,0.0741,0.2082,306620.3865,blues
135.279,0.4551,0.4836,0.685,0.0,0.6206,-2.182,0.0541,0.1024,234362.9046,country
125.2639,0.1483,0.675,0.5092,0.173,0.8531,-6.2525,0.0588,0.4791,225287.5364,rock
119.7614,0.7745,0.5367,0.5238,0.6723,0.4533,-13.8119,0.0632,0.2823,298626.9904,jazz
134.3363,0.2537,0.7725,0.6822,0.1097,0.5148,-9.4212,0.0218,0.2976,238277.5784,disco
125.0738,0.068,0.5232,0.7515,0.0011,0.105,-4.7025,0.0285,0.2167,251784.6555,pop
105.9707,0.4748,0.8385,0.5111,0.0675,0.9091,-10.65,0.0863,0.1805,282366.3679,country
109.0216,0.2481,0.384,0.724,0.0,0.5592,-4.2915,0.0949,0.0402,174910.0681,pop
52.501,0.1553,0.5408,0.7064,0.2684,0.7049,-8.7554,0.0787,0.3104,206395.5819,reggae
70.658,0.9006,0.2909,0.3031,0.8418,0.3521,-20.6537,0.0485,0.0,319994.3601,classical
105.3712,0.1174,0.7509,0.795,0.0033,0.1854,-4.9456,0.1826,0.2578,236858.6272,hiphop
80.5235,0.1334,0.6041,0.738,0.0,0.4383,-5.9824,0.2435,0.1014,216817.2959,hiphop
126.9162,0.102,0.6201,0.5507,0.1565,0.5361,-5.778,0.1104,0.1563,307664.5794,rock
103.2503,0.295,0.6463,0.7223,0.172,0.358,-9.437,0.0777,0.2624,204862.496,reggae
133.0467,0.0607,0.9143,0.4364,0.1293,0.653,-5.4265,0.0739,0.0944,296336.5539,metal
113.5582,0.2208,0.5143,0.592,0.1991,0.9776,-14.2855,0.0662,0.3265,172122.1791,reggae
141.6226,0.174,0.7194,0.6005,0.1168,0.3969,-7.4161,0.0723,0.2376,188102.2681,rock
152.723,0.0687,0.873,0.319,0.2218,0.4414,-3.5192,0.1038,0.2631,264907.5427,metal
128.7998,0.1775,0.6871,0.6711,0.1565,0.7748,-6.3188,0.0476,0.2038,244941.5181,disco
80.7597,0.5047,0.6591,0.4445,0.5436,0.4275,-16.8333,0.0529,0.6187,329603.546,jazz
99.7611,0.3382,0.6365,0.6817,0.0213,0.6205,-12.788,0.1016,0.1063,266729.3011,reggae
101.5655,0.4245,0.3175,0.6062,0.2372,0.7033,-10.8611,0.0322,0.3472,268386.0074,blues
112.2773,0.2931,0.5531,0.7759,0.1024,0.5464,-9.0901,0.1158,0.1337,224950.5197,reggae
72.7817,0.8891,0.3223,0.2845,0.7358,0.2972,-19.8708,0.0473,0.183,305849.2602,classical
54.8056,0.9099,0.2163,0.3586,0.9067,0.469,-23.3949,0.0308,0.2186,268521.7405,classical
99.7024,0.7931,0.6924,0.5735,0.3075,0.5123,-13.0003,0.0554,0.1011,183806.5825,blues
117.1855,0.2315,0.9011,0.8626,0.0418,0.6726,-6.9066,0.0644,0.1153,268097.814,disco
142.3865,0.174,0.7828,0.513,0.2077,0.6294,-5.4722,0.0392,0.3078,246984.6429,rock
140.1234,0.0143,0.861,0.313,0.0906,0.548,-3.5109,0.1379,0.3574,229387.6897,metal
108.4123,0.8097,0.273,0.3709,0.6061,0.6082,-13.0024,0.0357,0.3516,222806.9536,jazz
76.7733,0.0291,0.63,0.7524,0.0074,0.7359,-3.5015,0.4205,0.0175,190044.0628,hiphop
66.3413,0.949,0.1903,0.5093,1.0,0.4079,-25.0522,0.0178,0.2453,295764.9535,classical
150.2648,0.0055,0.8878,0.343,0.1201,0.3286,-0.3114,0.077,0.0,329754.5769,metal
115.7491,0.0998,0.7358,0.4938,0.2402,0.0775,-5.9389,0.0576,0.0443,280229.5247,rock
127.441,0.3294,0.9254,0.5107,0.0083,0.4664,-5.655,0.0705,0.1466,240828.1308,pop
84.1445,0.1889,0.6592,0.5829,0.1512,0.9734,-4.5434,0.0198,0.1463,246858.0296,reggae
115.1205,0.3679,0.5957,0.6979,0.0382,0.4427,-6.1457,0.0593,0.1186,196808.31,pop
94.6888,0.2103,0.6441,0.693,0.0211,0.6467,-3.3253,0.0228,0.1358,229998.5589,pop
107.0374,0.344,0.4773,0.8227,0.2551,0.826,-11.5593,0.0602,0.3814,239645.5877,reggae
122.1367,0.4265,0.7096,0.7487,0.0076,0.556,-4.0307,0.1503,0.3188,234157.3389,pop
118.9739,0.7069,0.5992,0.7019,0.8334,0.3305,-13.396,0.0732,0.0,283468.033,jazz
70.581,0.9505,0.3729,0.2013,0.7632,0.4666,-20.2609,0.0325,0.1393,197506.2515,classical
93.8811,0.0982,0.4823,0.3686,0.3471,0.2077,-10.91,0.0515,0.2364,245611.3775,blues
117.7414,0.5935,0.5525,0.9316,0.0591,0.5852,-14.1314,0.0391,0.2947,173259.0102,country
79.1725,0.9056,0.1716,0.3185,0.8929,0.2991,-17.7446,0.0172,0.1505,435860.4236,classical
73.1558,1.0,0.1544,0.4132,0.7033,0.341,-26.2879,0.0491,0.2656,275358.6292,classical
70.7526,0.3589,0.4077,0.509,0.5382,0.3937,-7.9896,0.0924,0.1722,266761.0595,blues
79.6205,0.9634,0.2296,0.5035,0.7869,0.3039,-25.0141,0.0194,0.0504,226672.1612,classical
107.007,0.0612,0.8091,0.5604,0.0141,0.5882,-3.928,0.0946,0.2157,197927.0737,pop
112.45,1.0,0.3433,0.5389,0.3503,0.4367,-13.2532,0.0854,0.2979,322955.7425,jazz
59.1295,0.9008,0.242,0.2898,0.7024,0.2489,-24.8493,0.0224,0.3325,297850.6643,classical
103.7913,0.1442,0.6291,0.6352,0.0443,0.7154,-3.6669,0.0568,0.2903,169080.0874,pop
121.1029,0.2095,0.6103,0.7743,0.0607,0.4137,-6.7049,0.1066,0.157,195198.4359,pop
73.8459,0.9977,0.0,0.1503,0.6616,0.5692,-20.8697,0.0553,0.0588,212827.8475,classical
96.0572,0.0298,0.9353,0.4124,0.2555,0.3014,-5.3879,0.0629,0.25,302175.6172,metal
102.701,0.483,0.6306,0.7074,0.0476,0.4533,-5.1303,0.1106,0.1307,231593.2707,reggae
73.4263,0.9509,0.3951,0.5077,0.8104,0.374,-17.695,0.0231,0.1766,278448.2291,classical
109.0013,0.3067,0.5647,0.9495,0.0177,0.472,-7.7866,0.1977,0.0,205466.4436,hiphop
130.6218,0.1644,0.4688,0.7954,0.0124,0.507,-11.6477,0.0567,0.1064,213503.6173,country
120.2931,0.2635,0.8316,0.6774,0.0884,0.6418,-8.6204,0.0475,0.1327,227763.8145,pop
124.1464,0.1108,0.6889,0.8734,0.0684,0.2176,-2.1581,0.0655,0.2343,272600.8444,disco
76.5072,0.2484,0.8622,0.7075,0.0034,0.387,-6.2411,0.2308,0.1449,156338.8012,hiphop
140.4846,0.0041,0.747,0.6307,0.0,0.7106,-4.1101,0.1066,0.1915,213958.719,pop
121.9773,0.5218,0.5956,0.7525,0.1161,0.3592,-6.6128,0.0678,0.2115,259599.853,country
112.0935,0.0566,0.5886,0.8366,0.0284,0.3497,-8.2466,0.0874,0.1239,284932.3163,disco
95.2002,0.6415,0.766,0.739,0.0698,0.4856,-9.9088,0.1018,0.1193,260296.9527,reggae
97.9967,0.6285,0.614,0.4962,0.0587,0.5349,-11.6028,0.0514,0.1179,186927.3158,country
103.5193,0.1181,0.7767,0.8653,0.0192,0.7049,-6.7007,0.5023,0.0581,201528.5478,hiphop
117.4453,0.0996,0.9416,0.8977,0.0,0.6799,-7.1879,0.2203,0.2476,258955.0072,hiphop
156.2299,0.0261,0.9986,0.3417,0.1297,0.3408,-1.8156,0.0953,0.3,177257.8442,metal
166.156,0.1435,0.6734,0.4734,0.1568,0.2187,-7.145,0.103,0.0931,216293.8795,rock
81.1849,0.8953,0.3274,0.2372,0.7045,0.4312,-18.9483,0.049,0.0152,312282.0664,classical
136.5069,0.2356,0.4954,0.6275,0.078,0.345,-8.2957,0.1077,0.1269,174547.3463,pop
71.1851,0.878,0.2119,0.2429,0.7751,0.6323,-22.6789,0.0483,0.1314,284542.7973,classical
119.503,0.7899,0.144,0.6902,0.0281,0.5523,-10.2552,0.1125,0.1887,193563.7114,reggae
97.7861,0.667,0.6283,0.8965,0.1901,0.275,-1.1667,0.057,0.3496,231071.7377,reggae
78.1345,0.7142,0.2158,0.2384,0.4551,0.1755,-16.2565,0.0327,0.1193,360048.1551,jazz
103.5096,0.8455,0.5311,0.3822,0.3361,0.5196,-8.8216,0.0025,0.2917,191197.8334,jazz
115.6485,0.6832,0.6927,0.7706,0.0795,0.5926,-10.0135,0.1049,0.128,222355.7516,reggae
94.0082,0.8195,0.7201,0.5338,0.1747,0.7739,-12.2827,0.0429,0.0,302824.1206,blues
116.9168,0.5421,0.5991,0.6184,0.1348,0.7187,-8.7861,0.0266,0.12,212312.9097,country
121.7878,0.2907,0.5808,0.6005,0.0608,0.3259,-3.4971,0.1228,0.256,189365.7745,pop
121.1452,0.3281,0.7847,0.6194,0.0208,0.3691,-6.4099,0.045,0.1297,187503.1491,pop
57.3078,0.8154,0.5833,0.5773,0.3301,0.6213,-11.4184,0.1068,0.1186,248677.2708,jazz
136.2418,0.0267,0.9021,0.4144,0.0662,0.4877,-2.3438,0.1792,0.1895,293321.9363,metal
88.5612,0.9668,0.2598,0.352,0.6354,0.4551,-27.4233,0.0241,0.2543,330413.2098,classical
76.1055,0.8798,0.1406,0.1519,0.6668,0.2963,-18.7857,0.0744,0.0394,303569.6481,classical
131.872,0.0399,0.4847,0.5504,0.0,0.624,-7.5122,0.0304,0.273,356096.4654,rock
133.066,0.799,0.6875,0.4084,0.2052,0.321,-12.0187,0.0749,0.2653,203852.1475,jazz
123.5213,0.0,0.7146,0.5981,0.0584,0.5366,-8.2472,0.073,0.0784,248068.3542,pop
63.3582,0.8767,0.3336,0.2809,1.0,0.2836,-16.1798,0.0426,0.1707,373883.0813,classical
111.4059,0.2933,0.8137,0.4264,0.0065,0.6526,-14.5681,0.0755,0.2424,251473.0875,country
125.4743,0.2001,0.6566,0.7641,0.0,0.6605,-12.0559,0.013,0.1678,311253.5444,disco
119.4977,0.195,0.6213,0.9543,0.033,0.7105,-5.8671,0.0477,0.2008,239870.2582,disco
121.9681,0.0003,0.8358,0.5722,0.1393,0.0478,-3.2317,0.0971,0.2127,208979.6622,metal
154.1046,0.1658,0.6588,0.5191,0.0007,0.5757,-4.9693,0.019,0.2763,244709.2034,rock
128.6818,0.7086,0.2324,0.5498,0.6947,0.5158,-13.3412,0.0522,0.4717,214965.3908,jazz
56.8229,0.9797,0.2405,0.1395,0.7964,0.4047,-19.7757,0.0435,0.1733,368416.6835,classical
130.2494,0.1874,0.7372,0.7097,0.0988,0.8337,-7.1262,0.0565,0.3591,239387.3466,disco
64.8595,0.865,0.2345,0.3379,0.9931,0.515,-22.5289,0.0151,0.1245,293033.8717,classical
106.0442,0.1416,0.7326,0.8224,0.0045,0.5649,-2.5135,0.2342,0.1843,223600.9578,hiphop
60.0989,0.9178,0.211,0.5445,0.5934,0.5708,-21.4006,0.0482,0.1595,306683.6091,classical
128.9899,0.6817,0.4697,0.6613,0.1317,0.2542,-7.163,0.0692,0.1541,177622.9248,country
100.7814,0.1815,0.7705,0.7869,0.0319,0.4825,-8.888,0.2677,0.1926,237392.603,hiphop
115.4547,0.5477,0.5478,0.6669,0.0223,0.3109,-3.0691,0.0379,0.1232,217696.8838,country
97.3349,0.8909,0.4804,0.4537,0.4909,0.2179,-12.8346,0.0072,0.3628,266431.0796,jazz
155.4132,0.5678,0.4326,0.4957,0.5249,0.4794,-13.6787,0.0854,0.4567,259887.4878,jazz
112.1809,0.5916,0.2143,0.5725,0.5035,0.2714,-11.0268,0.0082,0.0489,287161.331,blues
102.6338,0.5393,0.6129,0.406,0.4472,0.4808,-11.0361,0.0506,0.4912,203234.6107,blues
95.2637,0.3222,0.7074,0.6201,0.112,0.6801,-10.2007,0.1136,0.2149,261553.8285,reggae
88.0366,0.7028,0.7031,0.5739,0.0,0.3651,-10.2301,0.0653,0.2647,198732.7974,blues
71.6065,0.9236,0.2223,0.3617,0.65,0.1938,-17.5813,0.0318,0.0367,306628.7626,classical
103.6453,0.3175,0.6654,0.638,0.0187,0.3658,-6.0275,0.0267,0.1305,237758.9869,pop
100.303,0.4591,0.343,0.6124,0.0795,0.4693,-12.1936,0.0051,0.0653,219738.9777,reggae
105.6426,0.1442,0.7636,0.6286,0.0271,0.5977,-7.1376,0.049,0.1993,180693.3559,pop
108.464,0.0874,0.7228,0.5899,0.0,0.8633,-7.5184,0.0597,0.076,191582.8445,rock
79.0785,0.949,0.241,0.3616,0.4838,0.2953,-30.7208,0.0407,0.1496,342731.9365,classical
54.2278,0.7744,0.4378,0.4218,0.1379,0.4538,-13.6813,0.0,0.2489,263359.6349,blues
87.0209,1.0,0.0979,0.114,0.8149,0.4896,-14.8096,0.0503,0.1203,226412.1627,classical
73.4263,0.0,0.7354,0.7622,0.0048,0.3131,-7.3117,0.2576,0.1748,248793.5921,hiphop
116.3985,0.0125,0.7263,0.7264,0.0223,0.3565,-5.6345,0.023,0.2063,215751.9467,disco
140.7217,0.0311,0.845,0.6186,0.1102,0.3704,-4.8036,0.112,0.4652,343183.1848,metal
70.4922,0.8502,0.5103,0.3885,0.2159,0.402,-8.7928,0.0193,0.0991,252283.009,blues
108.8194,0.0418,0.9306,0.6448,0.0443,0.5662,-4.8952,0.3535,0.2658,194449.0589,hiphop
93.8465,0.2192,0.822,0.7057,0.0,0.4613,-4.3809,0.2346,0.1893,238769.1915,hiphop
90.9685,0.7989,0.4952,0.8973,0.0843,0.8405,-3.9099,0.0391,0.1515,188680.831,reggae
85.2263,0.8313,0.4986,0.6283,0.0989,0.4084,-13.9433,0.0476,0.1685,207336.3801,blues
126.2885,0.7932,0.3944,0.5237,0.2537,0.1064,-13.5498,0.0697,0.4314,338566.7908,jazz
86.9086,0.0389,0.6565,0.9388,0.0,0.3741,-8.2663,0.2836,0.1759,188632.0708,hiphop
127.2766,0.9154,0.3303,0.5582,0.4901,0.5658,-9.3027,0.0753,0.0,282699.7816,jazz
114.9172,0.3632,0.3145,0.4709,0.1598,0.2293,-12.3251,0.0458,0.1194,225789.4731,blues
61.2096,0.8155,0.1883,0.2002,0.7873,0.11,-25.0479,0.043,0.1793,305048.3175,classical
119.2019,0.0023,0.7386,0.7413,0.0157,0.411,-9.4269,0.1855,0.2523,230079.9914,hiphop
103.7722,0.3319,0.5003,0.563,0.1596,0.7217,-3.6446,0.1203,0.1406,189845.4967,reggae
130.3829,0.5947,0.5149,0.4086,0.8227,0.8979,-14.3663,0.0,0.1678,321593.7567,jazz
124.7985,0.2234,0.6418,0.6327,0.0551,0.4179,-7.6473,0.0447,0.2492,299477.9111,disco
129.1544,0.0,0.7272,0.7551,0.1617,0.4946,-7.7631,0.0321,0.0966,273822.0818,disco
74.8362,0.9721,0.0965,0.2988,0.7684,0.1676,-28.2539,0.0537,0.1219,218663.1831,classical
77.5393,0.9832,0.2491,0.42,0.8434,0.2966,-20.6566,0.0,0.1806,61095.2305,classical
124.0776,0.1185,0.6887,0.8302,0.0262,0.306,-5.5936,0.1518,0.0413,210891.7399,pop
93.1347,0.9683,0.1301,0.1986,0.8049,0.1675,-24.6846,0.0462,0.2424,316525.6883,classical
121.0108,0.0868,0.7471,0.8037,0.063,0.5478,-7.9271,0.0463,0.1158,249406.1874,disco
99.314,0.5416,0.5147,0.5075,0.2618,0.3038,-5.9187,0.0285,0.2513,225589.1666,blues
79.6271,0.5006,0.2484,0.5287,0.368,0.7704,-12.8655,0.052,0.1309,249545.1166,blues
109.5433,0.3038,0.8421,0.6099,0.0,0.3917,-3.3874,0.1148,0.1594,168117.0241,pop
88.6489,0.3898,0.4876,0.7338,0.1021,0.7393,-7.0107,0.0867,0.0633,301628.9095,reggae
140.9196,0.2353,0.6004,0.5654,0.0814,0.5956,-3.2053,0.1057,0.1179,194611.7666,pop
78.8637,0.1685,0.9051,0.8348,0.0,0.3193,-7.5033,0.2358,0.2026,175490.6206,hiphop
127.0655,0.0082,0.7621,0.3625,0.2424,0.991,-5.0321,0.041,0.0,174199.1148,rock
109.1658,0.0,0.5434,0.4356,0.024,0.4597,-10.5444,0.0572,0.4042,323027.8561,rock
95.7479,1.0,0.2255,0.4351,0.8018,0.3804,-26.3739,0.0479,0.1548,201840.873,classical
97.8607,0.9321,0.3754,0.2907,0.8197,0.4048,-9.2846,0.057,0.0934,338139.8722,classical
134.9324,0.1762,0.4907,0.6214,0.0,0.7701,-9.2066,0.0815,0.0856,167198.8967,pop
69.2251,1.0,0.0838,0.0883,0.5207,0.3544,-21.8763,0.0376,0.2471,119629.934,classical
113.1535,0.7456,0.5967,0.6025,0.1127,0.6153,-11.6941,0.0012,0.1323,246633.0934,country
91.6454,0.0746,0.8759,0.6884,0.0072,0.3398,-4.8651,0.0413,0.2097,289438.2261,rock
103.2568,0.2802,0.505,0.8382,0.0646,0.4861,-3.3833,0.0781,0.3768,174064.3236,reggae
120.3081,0.0948,0.5435,0.5648,0.0165,0.6345,-3.3671,0.0544,0.0965,249248.5624,rock
72.4304,0.1915,0.5797,0.7581,0.0,0.3881,-9.0045,0.1766,0.1405,223148.6144,hiphop
102.0492,0.6178,0.3945,0.4084,0.0,0.5453,-9.6551,0.0546,0.1835,273126.4918,blues
110.3363,0.1531,0.3352,0.6498,0.0227,0.5262,-2.4876,0.0235,0.1136,182853.8217,pop
99.1302,0.3802,0.7359,0.6909,0.1033,0.9099,-4.1342,0.0797,0.1546,288526.94,reggae
83.6913,0.0896,0.6049,0.8463,0.0235,0.5959,-7.0972,0.0421,0.1597,242913.3123,disco
99.0698,0.0875,0.6372,0.5561,0.1542,0.4166,-2.0301,0.0379,0.2321,278762.32,rock
128.2308,0.0814,0.6632,0.7069,0.0,0.4173,-7.9259,0.0862,0.2197,286817.2581,disco
96.8435,0.5198,0.4453,0.3068,0.0575,0.3776,-11.4958,0.043,0.1788,242745.6685,blues
112.8057,0.0784,0.7649,0.8548,0.0155,0.9813,-9.4495,0.1382,0.1544,299141.0735,hiphop
114.0156,0.0383,0.7686,0.4435,0.2043,0.1515,-5.85,0.0336,0.1886,263708.1889,rock
139.7082,0.0541,0.9159,0.4904,0.1485,0.3916,-4.4826,0.1402,0.3284,252096.2573,metal
63.5425,0.9884,0.2699,0.3102,0.6857,0.2211,-24.1507,0.0509,0.0735,306250.7349,classical
93.2823,0.1179,0.4997,0.6481,0.1464,0.7831,-6.0268,0.0463,0.2998,228236.5945,reggae
132.3503,0.0403,0.907,0.4398,0.4833,0.3615,-5.1346,0.1835,0.2338,179741.0926,metal
64.4085,0.3085,0.6693,0.6622,0.0775,0.6292,-9.3779,0.0388,0.1964,269762.9268,reggae
119.7054,0.0588,0.7449,0.5156,0.0497,0.5954,-7.9069,0.0312,0.3055,197411.1211,rock
126.4953,0.0397,0.6276,0.4711,0.1881,0.5334,-7.0623,0.0429,0.3454,142146.8904,rock
69.7122,0.9319,0.2269,0.238,0.8707,0.27,-23.6466,0.0673,0.0668,135233.1801,classical
94.1417,0.6453,0.3369,0.4359,0.5518,0.4037,-18.3874,0.0834,0.3629,302158.7155,jazz
122.0143,0.1572,0.626,0.6565,0.0,0.987,-6.44,0.0939,0.1365,199357.0898,pop
149.8821,0.0528,0.9693,0.4867,0.1308,0.6294,-2.2154,0.1594,0.4977,253720.0172,metal
103.1574,0.8186,0.1701,0.438,0.721,0.3895,-18.8264,0.0801,0.4185,257750.2396,jazz
122.127,0.5384,0.207,0.6899,0.3191,0.3121,-14.1173,0.0573,0.1146,244751.3391,jazz
71.0935,0.9606,0.1895,0.2605,1.0,0.3329,-12.8016,0.0418,0.2928,301439.1654,classical
131.7212,0.0684,0.9181,0.2782,0.5051,0.1243,-4.4858,0.0381,0.1246,237392.4442,metal
80.285,0.6903,0.8768,0.435,0.2642,0.3331,-12.4641,0.1063,0.1192,218666.3787,blues
96.6816,0.1535,0.6874,0.9184,0.0,0.6179,-7.4543,0.0,0.1439,284681.7077,hiphop
59.1541,0.9813,0.12,0.3633,0.7984,0.1435,-23.2648,0.0473,0.199,271540.7262,classical
107.6024,0.077,0.6805,0.9152,0.0,0.6172,-6.8035,0.0509,0.3074,230745.0621,disco
123.8269,0.7373,0.5513,0.5581,0.8544,0.6655,-9.4349,0.0708,0.3858,244643.6463,jazz
122.0019,0.0629,0.7547,0.5543,0.2249,0.2154,-5.6641,0.1848,0.4917,254027.9614,metal
164.4732,0.1207,0.6369,0.4939,0.0607,0.5782,-5.9462,0.0222,0.0046,261830.8691,rock
82.9846,0.9241,0.1577,0.292,0.5469,0.1329,-27.2908,0.0201,0.182,225671.2567,classical
130.1909,0.3693,0.3397,0.3636,0.3147,0.194,-12.4356,0.0,0.2289,217490.3314,blues
129.2177,0.2304,0.614,0.67,0.0428,0.3956,-5.5917,0.098,0.0,230548.1402,pop
108.4118,0.537,0.5297,0.7876,0.1868,0.5843,-11.0792,0.0546,0.2838,228314.1275,reggae
68.0222,0.6838,0.335,0.2498,0.6473,0.4316,-20.2976,0.0852,0.4653,334506.2171,jazz
124.5208,0.3254,0.5134,0.5476,0.0,0.341,-12.3647,0.0653,0.2045,241387.142,country
70.6899,0.2673,0.099,0.3532,0.3755,0.1602,-15.1044,0.1137,0.1236,254447.0704,blues
113.7004,0.0187,0.6984,0.8171,0.0,0.6261,-8.0267,0.1074,0.2432,204683.4866,disco
95.3532,0.126,0.5187,0.669,0.0136,0.4136,-8.905,0.3165,0.1168,260243.4061,hiphop
130.5624,0.3882,0.3154,0.6245,0.1175,0.5351,-7.7843,0.0405,0.0954,255924.8988,country
100.07,0.3092,0.8825,0.8019,0.0,0.3777,-7.7052,0.3478,0.3432,226856.2492,hiphop
112.5999,0.0911,0.6207,0.5641,0.0345,0.5305,-7.3436,0.0899,0.0556,233115.0664,pop
128.3669,0.4579,0.5419,0.6169,0.0431,0.5841,-12.1736,0.0759,0.066,204876.0884,country
84.9232,0.5413,0.3816,0.6322,0.1381,0.8107,-4.0002,0.0817,0.3838,218413.418,reggae
130.2652,0.0213,0.9399,0.4001,0.3175,0.1845,-6.2727,0.1052,0.3406,216752.0253,metal
67.0245,0.9516,0.0609,0.4439,0.7784,0.3935,-12.6969,0.0703,0.1255,244406.7889,classical
129.0568,0.2212,0.3383,0.7509,0.0711,0.4745,-11.8018,0.0398,0.0609,250919.4261,country
127.4589,0.1365,0.7019,0.6729,0.0,0.9557,-3.2513,0.0599,0.2282,210574.2583,disco
71.4656,0.3305,0.4382,0.7382,0.0,0.6026,-7.2828,0.1163,0.1236,230710.0389,reggae
170.7541,0.0356,0.7538,0.289,0.0,0.5181,-2.39,0.075,0.1977,295819.412,metal
77.1583,0.6433,0.5528,0.7177,0.0517,0.5972,-12.6458,0.0732,0.1063,218903.8566,reggae
143.8794,0.1939,0.3072,0.4506,0.0672,0.6617,-7.6877,0.0735,0.0037,261591.7788,country
98.7154,0.7108,0.2057,0.7047,0.8299,0.5534,-18.0404,0.0663,0.0818,333117.7632,jazz
124.7821,0.0374,0.7866,0.489,0.0,0.3583,-4.6766,0.1759,0.3057,357273.5974,metal
93.138,0.6065,0.3747,0.6711,0.2444,0.2639,-7.3186,0.1013,0.3969,166681.7832,reggae
108.0557,0.2084,0.6859,0.5785,0.0,0.1748,-6.458,0.0129,0.4777,181158.8429,rock
133.4701,0.1245,0.6111,0.4777,0.1705,0.4102,-6.6497,0.0548,0.5667,167467.7978,rock
116.8127,0.1166,0.775,0.3896,0.0719,0.3613,-8.4301,0.0355,0.0775,231093.0289,rock
124.9182,0.2033,0.37,0.7007,0.031,0.8311,-7.3105,0.0,0.0703,177088.0488,pop
174.0042,0.0229,0.9249,0.5386,0.4433,0.6303,-7.4711,0.0742,0.3551,235289.1352,metal
59.6918,0.862,0.1081,0.3497,0.8214,0.4536,-23.709,0.0432,0.2,261439.2076,classical
133.5785,0.3371,0.6256,0.7616,0.0,0.7381,-7.145,0.0226,0.1514,252014.1734,pop
87.4172,0.4427,0.3724,0.5354,0.2993,0.4844,-9.4121,0.0641,0.2548,300911.5969,reggae
121.2103,0.1485,0.6074,0.6963,0.0128,0.4692,-8.0084,0.0276,0.2578,259829.1319,disco
109.5142,0.707,0.5045,0.4713,0.1283,0.1153,-9.9811,0.0656,0.2669,179810.5338,blues
149.0406,0.4347,0.6867,0.7353,0.0558,0.3863,-8.624,0.1203,0.1974,203204.8426,pop
110.5619,0.3311,0.2315,0.7057,0.1201,0.4138,-8.5575,0.0656,0.0657,256859.3958,reggae
90.6571,0.6055,0.3758,0.5465,0.1334,0.4931,-9.6733,0.0582,0.147,246819.3358,blues
108.5769,0.2045,0.7476,0.8132,0.0304,0.5413,-5.1623,0.0434,0.2187,193502.2548,disco
130.9335,0.0418,0.757,0.6867,0.0768,0.4737,-9.2156,0.0703,0.2998,255079.3305,disco
133.1047,0.0933,0.7527,0.8156,0.0,0.5677,-6.8923,0.0789,0.3421,233523.606,disco
85.2223,0.8452,0.387,0.5408,0.6651,0.679,-13.7518,0.1023,0.2964,291209.2136,jazz
119.9146,0.1638,0.7383,0.6777,0.1039,0.6666,-6.1178,0.0241,0.1822,272918.8345,disco
95.9241,0.6893,0.5903,0.5893,0.2298,0.608,-10.3146,0.079,0.2339,251115.3018,blues
108.9422,0.2082,0.7982,0.9592,0.0055,0.8949,-6.9653,0.0228,0.188,240073.9428,disco
149.3974,0.0635,0.8256,0.5808,0.0,0.2731,-6.1266,0.0842,0.0082,217559.596,rock
72.3933,0.9174,0.2391,0.4401,0.8272,0.2133,-18.7023,0.0584,0.2024,324729.9344,classical
113.2529,0.7067,0.8064,0.7274,0.0971,0.324,-7.5385,0.0252,0.0313,228370.554,country
109.7201,0.2003,0.8237,0.786,0.0,0.5386,-4.6599,0.0359,0.2976,227091.4583,disco
139.9806,0.1336,0.7931,0.2899,0.0,0.048,-2.5403,0.1058,0.3089,256080.1796,rock
123.5987,0.2137,0.9385,0.7259,0.0,0.4499,-3.4887,0.1131,0.1075,218180.3756,disco
132.805,0.0049,0.9551,0.3777,0.0272,0.4467,-5.7944,0.0736,0.2961,227878.5255,metal
94.0303,0.4569,0.3472,0.6657,0.2335,0.5905,-12.5998,0.0673,0.1933,163606.9961,blues
97.3158,0.2639,0.6238,0.5287,0.0484,0.7431,-6.7229,0.0766,0.0,228868.9271,country
100.4271,0.1495,0.6525,0.5676,0.0,0.5274,-5.2705,0.041,0.1746,180720.7569,hiphop
50.5677,0.5823,0.4207,0.4766,0.6694,0.6421,-12.1746,0.0536,0.0,237225.9376,jazz
87.1111,0.0399,0.6475,0.5175,0.0,0.8028,-5.913,0.0563,0.4889,249277.8569,rock
140.8812,0.702,0.5657,0.5332,0.6646,0.5653,-11.9075,0.1283,0.3957,180983.0341,jazz
93.2095,0.0413,0.7412,0.7722,0.0187,0.6111,-6.8518,0.0741,0.0254,325932.8057,hiphop
110.7548,0.0798,0.9223,0.2127,0.3888,0.525,-4.8564,0.0418,0.0446,380772.3081,metal
123.8786,0.7066,0.2786,0.5081,0.543,0.5348,-7.3804,0.0443,0.3133,313423.1034,jazz
66.0468,0.855,0.2511,0.3391,0.532,0.3316,-18.0172,0.0612,0.2321,282334.7924,classical
80.3997,0.9638,0.2115,0.333,0.9166,0.2286,-18.4878,0.0125,0.1763,290724.4578,classical
126.537,0.307,0.712,0.778,0.0,0.5781,-6.078,0.0603,0.2144,229031.3896,pop
125.9974,0.3607,0.9214,0.6413,0.1917,0.8174,-8.8739,0.1011,0.1013,224604.7396,rock
104.1159,0.0119,0.8403,0.3194,0.1687,0.5182,-3.8563,0.0582,0.2584,272916.9247,rock
107.8579,0.2771,0.5776,0.6218,0.0008,0.3937,-10.3127,0.09,0.0088,228145.8519,reggae
137.5034,0.1294,0.6887,0.7881,0.011,0.4825,-4.7046,0.0465,0.2018,221696.2488,disco
127.9352,0.4216,0.6341,0.4741,0.0396,0.5795,-8.2612,0.0599,0.1221,172985.0442,country
141.4628,0.0,0.809,0.6272,0.0308,0.4226,-8.1483,0.0444,0.1761,219272.1426,rock
52.4641,0.8655,0.2877,0.327,0.8618,0.6289,-20.1258,0.0532,0.3669,267171.7265,classical
125.5848,0.2247,0.6776,0.6516,0.0668,0.8947,-8.2956,0.0382,0.3221,226282.6438,disco
124.7835,0.1683,0.6822,0.6878,0.0151,0.5467,-6.8525,0.0793,0.2111,215950.775,pop
117.1535,0.7221,0.4617,0.4355,0.4552,0.397,-13.4548,0.0085,0.147,273958.9628,blues
82.3349,0.6623,0.4705,0.4262,0.04,0.4402,-14.6382,0.0728,0.5152,300757.6523,blues
106.393,0.4412,0.8371,0.5167,0.1243,0.557,-7.7537,0.0514,0.2648,196006.3936,country
150.6325,0.1112,0.7523,0.9763,0.0616,0.6699,-8.9738,0.1058,0.0841,252813.6275,disco
115.0996,0.3016,0.6064,0.333,0.0,0.797,-6.2886,0.029,0.1797,255682.7471,country
138.9169,0.0186,0.9574,0.5048,0.0,0.5381,-5.2215,0.1018,0.1392,278556.7301,metal
64.094,0.4894,0.6143,0.5461,0.0,0.4916,-17.4125,0.0533,0.3366,240827.7397,blues
70.7066,0.6928,0.2724,0.6771,0.0,0.2361,-9.7479,0.1099,0.2378,265328.6064,blues
78.6566,0.8676,0.275,0.3941,0.5073,0.1547,-21.4886,0.0337,0.1487,228817.3643,classical
114.3649,1.0,0.2416,0.655,0.264,0.5209,-15.9433,0.104,0.2944,238249.0484,blues
80.1781,0.1713,0.7959,0.8391,0.0,0.9154,-10.4559,0.0553,0.1283,244570.1107,pop
124.0488,0.1543,0.6014,0.662,0.0417,0.7513,-8.0125,0.1005,0.1049,224067.6496,pop
145.6449,0.0,0.841,0.2277,0.1136,0.7024,-4.4344,0.0846,0.4059,261065.3279,metal
130.5952,0.4951,0.6258,0.3785,0.1571,0.4404,-8.4954,0.0671,0.0813,200878.6475,country
122.1726,0.254,0.5923,0.7808,0.0,0.3138,-7.1775,0.3526,0.2641,186048.3199,hiphop
57.6225,0.9259,0.2262,0.21,0.8285,0.1318,-16.6553,0.065,0.1298,301807.2603,classical
99.3682,0.7317,0.4824,0.7126,0.0339,0.6258,-14.3223,0.1074,0.2323,227697.8135,reggae
144.375,0.0461,0.9537,0.8399,0.0,0.5918,-4.4572,0.1975,0.2638,248558.5006,hiphop
133.4507,0.1093,0.8925,0.5801,0.0581,0.8944,-8.7806,0.0552,0.1597,219486.9707,disco
111.4978,0.0,0.9932,0.3217,0.0751,0.7288,-5.4685,0.1071,0.4396,310786.0093,metal
136.1829,0.4903,0.3006,0.7308,0.8318,0.5176,-16.8216,0.0441,0.261,261876.1616,jazz
88.215,0.6454,0.3538,0.6456,0.0079,0.8383,-6.7513,0.0298,0.0883,241193.3822,country
86.6076,1.0,0.1203,0.3302,0.6912,0.2557,-18.902,0.0392,0.2892,251066.0513,classical
112.9751,0.0,0.6886,0.7114,0.0,0.7965,-4.4464,0.0592,0.1694,253049.5381,disco
101.205,0.3043,0.6982,0.693,0.1407,0.8747,-8.5961,0.0438,0.3151,244957.4249,country
102.0243,0.2346,0.3942,0.5788,0.0,0.6754,-9.6055,0.0713,0.334,260203.0194,pop
90.2824,0.3766,0.5214,0.6577,0.0649,1.0,-11.3122,0.0577,0.5294,246840.5321,reggae
79.6763,0.9362,0.1853,0.4588,0.7067,0.659,-22.9017,0.0145,0.1556,215425.288,classical
121.5324,0.0,0.9188,0.2562,0.0028,0.5291,-3.0716,0.0707,0.2827,237876.4735,metal
61.1796,0.4039,0.4411,0.4991,0.5925,0.4168,-12.0069,0.088,0.3226,246958.5771,jazz
90.6419,0.1797,0.9062,0.6101,0.0459,0.5136,-5.8895,0.1186,0.1354,189296.8528,pop
138.2441,0.2459,0.5873,0.4283,0.0571,0.643,-7.0562,0.0471,0.0382,271753.3292,rock
101.4788,0.0551,0.5169,0.644,0.0,0.5913,-6.331,0.0385,0.2574,208214.9842,pop
92.0777,1.0,0.4928,0.4343,0.534,0.1238,-10.717,0.1198,0.1861,162001.453,blues
94.9635,0.956,0.4324,0.5966,0.5809,0.3944,-13.9671,0.1031,0.3333,174426.342,jazz
78.7689,0.9153,0.2952,0.0748,0.676,0.2326,-31.2814,0.0207,0.0768,267933.7207,classical
125.903,0.2165,0.7204,0.7004,0.0453,0.3071,-6.2625,0.0146,0.1977,259257.9053,pop
60.84,0.9783,0.1325,0.3404,0.8848,0.6254,-22.8118,0.0475,0.0312,351424.8138,classical
119.9805,0.6875,0.7449,0.2943,0.1969,0.3306,-16.921,0.0918,0.1676,273283.4042,blues
145.2868,0.0,0.9282,0.5409,0.1708,0.2065,-5.0577,0.0071,0.2599,275538.9978,metal
97.149,0.3316,0.4996,0.6734,0.1519,0.4593,-19.2483,0.0588,0.1624,203167.6079,blues
175.2848,0.0399,0.8141,0.5973,0.0,0.4108,-4.5135,0.0685,0.3946,272222.98,metal
100.1069,0.0,0.6782,0.6445,0.0291,0.9297,-9.7572,0.0515,0.4132,252243.9025,disco
86.9134,0.4382,0.4654,0.4687,0.0757,0.7439,-10.0298,0.0656,0.185,188754.3727,country
159.8062,0.0352,1.0,0.5298,0.0562,0.7695,-8.2041,0.1219,0.1756,354109.0147,metal
128.4538,0.1628,0.4088,0.7475,0.003,0.6979,-6.4376,0.0795,0.0925,235931.6683,pop
63.8832,0.883,0.4365,0.4023,0.1952,0.1784,-6.7307,0.0482,0.3641,242324.3272,blues
135.3395,0.3006,0.5384,0.3314,0.1174,0.9217,-8.7598,0.0075,0.2409,188356.8792,country
147.7576,0.0532,0.8196,0.3073,0.0,0.3305,-4.6666,0.0182,0.3024,255219.0542,metal
99.5172,0.615,0.7318,0.3997,0.2353,0.4639,-11.0703,0.045,0.0141,217012.4448,blues
95.6836,0.6101,0.5331,0.464,0.226,0.607,-7.3714,0.0743,0.4063,222609.9407,blues
73.2221,0.7755,0.0379,0.5778,0.177,0.5096,-14.3575,0.0951,0.2232,225293.0719,jazz
80.7617,0.8253,0.2927,0.3454,0.6334,0.2793,-20.9451,0.041,0.1266,273790.7039,classical
114.0417,0.1836,0.7924,0.5712,0.0,0.4242,-14.6682,0.028,0.2816,298112.5151,country
67.021,0.6395,0.2705,0.6552,0.2125,0.7888,-14.0999,0.0251,0.1484,219919.058,jazz
104.061,0.0581,0.7039,0.9831,0.0335,0.4981,-7.0467,0.0,0.2869,247531.1874,hiphop
137.8617,0.0,0.7872,0.3806,0.0,0.4965,-6.62,0.0649,0.2107,320237.1542,metal
134.206,0.0912,0.9997,0.65,0.2571,0.6208,-6.8453,0.0779,0.1977,323362.4223,rock
124.7547,0.063,0.9385,0.5175,0.1362,0.3163,-2.1286,0.1377,0.5149,269927.3778,metal
96.6297,0.4641,0.1927,0.4362,0.2377,0.5738,-15.3973,0.1312,0.0,270181.6589,jazz
107.767,0.4603,0.4203,0.554,0.4931,0.2093,-11.0344,0.0709,0.1411,245969.9777,jazz
105.9792,0.4855,0.7108,0.7608,0.121,0.7979,-6.2418,0.095,0.3271,136168.4703,reggae
107.7282,0.6954,0.3678,0.327,0.4209,0.6646,-18.105,0.0543,0.127,265567.5215,jazz
102.9572,0.4356,0.541,0.9095,0.0,0.5912,-7.1505,0.05,0.191,183431.6887,country
96.7314,0.0765,0.7071,0.7395,0.0071,0.4077,-5.784,0.2784,0.1588,149706.7547,hiphop
136.367,0.0621,1.0,0.438,0.149,0.3961,-5.3158,0.1282,0.3462,238976.4896,metal
132.9551,0.0,0.6723,0.5564,0.0,0.5737,-7.114,0.059,0.3393,292875.866,rock
101.0427,0.5401,0.6035,0.4194,0.1218,0.5684,-14.1872,0.049,0.2081,254047.7327,country
129.6544,0.0,0.6267,0.2578,0.079,0.7897,-6.2342,0.0793,0.6028,268182.5132,rock
80.3738,0.9335,0.2549,0.2812,0.8417,0.3737,-18.8889,0.0561,0.0204,145163.8867,classical
76.0411,0.2804,0.5354,0.8435,0.0046,0.5292,-6.4822,0.2456,0.2258,257042.6529,hiphop
118.1901,0.8906,0.5766,0.5527,0.0,0.7499,-10.5064,0.0371,0.3081,260537.7934,country
132.0417,0.0,0.5779,0.6745,0.0269,0.4692,-9.6759,0.038,0.0951,186807.1951,pop
79.4221,0.5754,0.7731,0.5852,0.0542,0.5863,-7.2432,0.0096,0.0397,249585.0458,reggae
122.3196,0.1351,0.6802,0.7993,0.0184,0.6956,-5.9073,0.075,0.3423,246051.9009,pop
146.9866,0.6715,0.0918,0.4774,0.7529,0.3254,-14.5291,0.0392,0.4753,297472.8508,jazz
51.6013,0.147,0.7696,0.783,0.2319,0.8498,-6.981,0.0619,0.0963,275869.7842,reggae
107.6259,0.6502,0.8056,0.5473,0.3701,0.375,-16.828,0.0881,0.1953,266368.1238,jazz
124.4351,0.707,0.5143,0.6411,0.5981,0.7038,-21.0329,0.1077,0.3063,313892.1678,jazz
65.8739,0.8964,0.1978,0.1437,0.8343,0.4951,-20.8283,0.0082,0.1401,324521.7342,classical
86.9637,0.2067,0.8617,0.6565,0.0211,0.7827,-3.9619,0.0104,0.0946,175193.6823,hiphop
112.317,0.5847,0.4129,0.4047,0.2751,0.5422,-13.5472,0.0774,0.5779,273864.4766,jazz
96.5785,0.254,0.4413,0.8818,0.0,0.5881,-7.1761,0.1277,0.3114,284967.5799,hiphop
102.6538,0.1364,0.7245,0.4207,0.0435,0.4722,-7.5357,0.0602,0.2083,222492.2858,rock
93.9614,0.7347,0.3551,0.5807,0.6688,0.3755,-14.506,0.0913,0.309,190151.8971,jazz
57.2138,0.79,0.1322,0.3749,0.7573,0.3797,-17.6431,0.0666,0.1445,361215.1534,classical
111.0593,0.0939,0.52,0.8046,0.097,0.4237,-13.046,0.0708,0.1243,238209.2437,reggae
77.925,0.9209,0.2433,0.3062,0.8166,0.2888,-27.5924,0.0091,0.2023,263397.9946,classical
76.2946,1.0,0.0398,0.1748,0.5598,0.2309,-20.2415,0.0505,0.1721,195234.047,classical
105.4338,0.7912,0.493,0.445,0.0,0.2379,-4.4021,0.0774,0.2401,188636.8917,country
136.3791,0.0391,0.5911,0.3773,0.134,0.4826,-10.2654,0.0485,0.4254,229691.6948,rock
99.9579,0.0,0.8416,0.85,0.0261,0.7948,-6.8547,0.1898,0.351,242145.4836,hiphop
181.2708,0.066,0.9583,0.4331,0.0,0.5529,-3.7114,0.0611,0.2435,211690.8717,metal
91.3181,0.0995,0.3869,0.4526,0.0,0.4179,-15.0441,0.0296,0.3,234125.5825,country
144.0541,0.4682,0.4565,0.4754,0.0111,0.4224,-12.8494,0.02,0.1605,199247.5945,country
149.6498,0.0,0.4646,0.7365,0.0687,0.6341,-4.0014,0.0,0.12,153781.5658,pop
138.0731,0.0162,0.7702,0.6361,0.0194,0.4517,-8.6067,0.0483,0.6361,285006.9924,rock
64.4777,0.9243,0.0242,0.1533,1.0,0.1569,-26.3871,0.0767,0.3824,209706.0023,classical
99.4492,0.1068,0.7749,0.4396,0.1932,0.5142,-3.8754,0.0493,0.7068,224598.0074,rock
120.697,0.06,0.7468,0.7709,0.04,1.0,-7.2814,0.0516,0.1578,210871.8233,disco
84.8013,0.9675,0.3252,0.2479,0.7347,0.2781,-18.8368,0.07,0.1133,254513.5763,classical
88.1275,0.0557,0.5752,0.7602,0.0589,0.7985,-6.3065,0.0,0.2091,254117.2122,pop
142.8958,0.0401,0.7855,0.4856,0.1931,0.3385,-3.2782,0.0695,0.1912,247905.7234,metal
95.2977,0.6305,0.3856,0.5178,0.2162,0.1627,-10.9713,0.027,0.0,246159.2994,blues
122.5456,0.4767,0.7143,0.4623,0.0519,0.5468,-9.8183,0.0422,0.1873,221204.2624,country
118.5273,0.2052,0.552,0.5352,0.0,0.609,-6.584,0.0112,0.1663,200447.0903,pop
97.2329,0.2781,0.5845,0.7815,0.0261,0.6692,-3.7985,0.1713,0.1885,263693.6002,hiphop
75.6502,0.9787,0.4233,0.387,0.5362,0.4423,-9.2655,0.0559,0.1618,232368.6132,blues
71.5508,0.4701,0.5205,0.7052,0.1556,0.2657,-5.1397,0.066,0.2532,254828.5136,reggae
87.8716,0.3354,0.4986,0.6512,0.2544,0.8495,-7.6668,0.0757,0.2619,232951.8793,reggae
114.2901,0.0464,0.5308,0.6428,0.0,0.377,-6.4777,0.0991,0.1986,211374.3291,hiphop
134.041,0.499,0.2721,0.434,0.0839,0.5538,-17.082,0.0749,0.1937,191332.3868,country
124.716,0.6868,0.2546,0.3852,0.9118,0.4718,-9.0789,0.0446,0.2937,379633.8362,jazz
75.1374,0.912,0.0985,0.5049,1.0,0.5204,-25.6834,0.0571,0.2012,306552.7375,classical
135.4149,0.2164,0.5349,0.5443,0.23,0.6073,-6.8333,0.0317,0.2621,261150.3276,rock
120.4866,0.8887,0.571,0.5014,0.0,0.593,-20.6584,0.1041,0.2754,309983.701,jazz
101.6629,0.1184,0.4444,0.3576,0.2703,0.2383,-9.7273,0.0606,0.368,240303.054,blues
80.4601,1.0,0.4401,0.4311,0.2552,0.0996,-13.2796,0.0895,0.1245,202700.6177,blues
85.8958,0.3114,0.5719,0.6299,0.1439,0.8614,-12.9409,0.0349,0.1517,212528.1776,reggae
80.595,0.5834,0.3055,0.3731,0.287,0.474,-17.6502,0.0853,0.1123,400478.4485,jazz
90.672,0.9432,0.1589,0.4106,0.8643,0.5804,-21.2671,0.0155,0.0405,379055.6759,classical
102.6253,0.0,0.6515,0.7823,0.021,0.8428,-5.6287,0.129,0.0,244045.3835,hiphop
72.6122,0.0571,0.5514,0.7894,0.0,0.4637,-6.9044,0.2152,0.1271,182837.4869,hiphop
51.0963,0.1455,0.4694,0.437,0.0288,0.4098,-10.6546,0.0883,0.2164,295277.7466,blues
101.9118,0.0759,0.6485,0.8091,0.0355,0.3972,-6.6731,0.1435,0.097,199190.087,hiphop
94.5083,0.3624,0.7817,0.7151,0.025,0.8485,-3.5773,0.1163,0.2157,199523.151,pop
74.0828,0.5752,0.2788,0.6012,0.0376,0.5734,-11.7351,0.0656,0.0352,263457.3042,country
62.5883,0.9441,0.0576,0.3446,0.679,0.1576,-19.1447,0.0448,0.1009,367070.7309,classical
125.7671,0.0,0.7522,0.8439,0.0032,0.5821,-5.448,0.0853,0.0769,226030.3851,hiphop
114.3925,0.8935,0.1398,0.5216,0.4037,0.4333,-16.7144,0.0549,0.5262,196778.4819,jazz
94.4715,0.0542,0.6258,0.6798,0.0007,0.508,-4.5387,0.1812,0.0533,163867.9746,hiphop
95.5218,0.4547,0.7003,0.6476,0.0487,0.7264,-3.3781,0.0435,0.2018,174423.8931,pop
114.9355,0.1071,0.619,0.6577,0.0536,0.726,-9.8563,0.0828,0.2764,269240.6741,disco
140.9732,0.0314,0.9907,0.3302,0.1535,0.5641,-3.382,0.0715,0.0241,146482.6529,metal
147.6127,0.6008,0.4752,0.6279,0.6462,0.517,-13.9676,0.0583,0.1635,237525.8285,jazz
73.1697,0.953,0.3,0.1941,0.7812,0.5722,-24.9744,0.0236,0.1662,330663.1114,classical
87.8957,0.1539,0.7628,0.7392,0.0292,0.5794,-7.471,0.07,0.1466,203829.0526,reggae
128.357,0.0159,0.8638,0.4263,0.0,0.0,-3.0846,0.0,0.4081,337926.3875,metal
115.4263,0.1397,0.7341,0.9275,0.0505,0.8441,-8.1964,0.0522,0.2013,216776.0117,disco
147.6096,0.2383,0.6931,0.5626,0.0739,0.5435,-8.2945,0.0787,0.0038,167653.1427,rock
88.9586,0.2073,0.5618,0.6566,0.2091,0.5709,-6.911,0.0881,0.0598,226373.673,reggae
90.4892,0.7765,0.4828,0.1499,0.8476,0.0,-15.8481,0.0908,0.2024,186690.7009,jazz
114.118,0.0,0.5939,0.5012,0.0,0.4465,-8.7842,0.1092,0.5748,202381.1304,rock
126.5947,0.3179,0.5978,0.5227,0.0801,0.5713,-18.2191,0.0536,0.2442,235607.4922,country
100.4401,0.3241,0.4302,0.76,0.0936,0.688,-10.3616,0.0316,0.3735,291864.4564,reggae
121.8129,0.0021,0.7607,0.6793,0.0037,0.7344,-6.3344,0.0234,0.3548,209481.3767,pop
136.7155,0.069,0.8983,0.5799,0.0816,0.0,-4.1598,0.1754,0.3602,234233.8386,metal
75.7848,0.2695,0.7374,0.7043,0.0,0.6979,-10.1894,0.1416,0.1394,272049.0389,reggae
82.0881,0.6965,0.3,0.5228,0.3994,0.3868,-7.9698,0.0509,0.1743,196023.9196,blues
107.9581,0.16,0.5815,0.8112,0.0139,0.628,-4.8525,0.0404,0.1894,218233.0671,pop
94.2989,0.2354,0.5609,0.6523,0.2614,0.6985,-6.9905,0.0,0.1933,313328.4384,reggae
95.6255,0.7908,0.0,0.2457,0.8022,0.4535,-20.1077,0.0323,0.2315,341811.7242,classical
116.2304,0.6714,0.461,0.3905,0.0358,0.3234,-9.7702,0.0701,0.0,204644.5337,blues
174.8666,0.0498,0.8465,0.2973,0.0726,0.2932,0.0983,0.0806,0.1016,257069.8818,metal
136.5819,0.2242,0.8244,0.7892,0.0294,0.5717,-6.8762,0.0887,0.2408,327348.0196,rock
121.9974,0.3389,0.3483,0.5655,0.1777,0.5892,-6.3695,0.0587,0.2831,223668.0331,reggae
157.3588,0.0154,0.8902,0.4608,0.0827,0.6256,-6.2175,0.1058,0.3903,244327.6505,metal
65.0036,0.8965,0.1592,0.3039,0.7532,0.5074,-24.7041,0.0228,0.1883,187861.4758,classical
114.605,0.1915,0.6753,0.794,0.0225,0.8299,-6.2353,0.056,0.1031,155487.3891,pop
144.9362,0.0637,0.6406,0.6702,0.1229,0.6436,-8.2518,0.1024,0.2579,212421.2927,disco
167.8626,0.0511,0.8951,0.4806,0.0,0.2392,-3.4244,0.1458,0.31,332911.95,metal
113.2446,0.1016,0.4552,0.8352,0.0326,0.6816,0.2334,0.083,0.0398,204122.8928,pop
125.5585,0.4852,0.2933,0.7781,0.0,0.6255,-7.8301,0.0555,0.1305,248953.8428,country
80.2131,0.9443,0.1406,0.1554,0.8108,0.2706,-21.0693,0.0404,0.2781,265638.6624,classical
121.1905,0.8181,0.5275,0.4254,0.2021,0.2794,-13.9843,0.0287,0.1258,193437.5554,blues
105.8031,0.8644,0.4871,0.5878,0.3839,0.3119,-15.7032,0.0414,0.3679,308799.2025,jazz
73.9983,0.5943,0.44,0.7466,0.0164,0.7367,-12.0782,0.0816,0.2053,323112.2135,reggae
101.9974,0.3392,0.624,0.9084,0.0127,0.855,-8.45,0.2385,0.1406,224881.5318,hiphop
155.4537,0.0195,0.7953,0.3161,0.2313,0.0342,-6.8987,0.1168,0.2466,225210.9805,metal
74.2324,0.2826,0.3428,0.7941,0.0908,0.447,-8.7232,0.0319,0.0967,171594.6588,reggae
100.4073,0.1356,0.6083,0.6183,0.0478,0.2575,-9.9716,0.0701,0.1796,222126.4541,pop
75.3389,0.4885,0.3739,0.4125,0.6445,0.5815,-13.0375,0.0672,0.4867,206620.3115,jazz
137.4745,0.2945,0.4744,0.7663,0.0353,0.2992,-10.134,0.1115,0.152,171444.5372,pop
115.7761,0.1045,0.8307,0.8439,0.0,0.6408,-8.0038,0.0621,0.3104,215879.1744,disco
166.8248,0.796,0.621,0.5219,0.5317,0.5686,-16.4475,0.0311,0.4399,328617.1171,jazz
96.2989,0.6341,0.5739,0.3833,0.181,0.0,-12.8644,0.0443,0.0776,247452.5468,blues
181.5236,0.0393,0.8591,0.4549,0.0078,0.2904,-5.8819,0.0193,0.0,180117.1304,metal
143.2142,0.1003,0.8167,0.4159,0.1644,0.4087,-5.0811,0.0714,0.2603,285754.2873,rock
144.2902,0.435,0.557,0.7125,0.0897,0.3924,-10.9418,0.0599,0.1176,145896.4841,country
110.8904,0.222,0.8412,0.5921,0.1258,0.6862,-3.4566,0.0685,0.2328,290255.6946,rock
113.6935,0.2439,0.6345,0.4936,0.0,0.3265,-5.5119,0.0901,0.1957,186377.8682,pop
89.4212,0.1773,0.6515,0.7965,0.0117,0.4081,-6.5214,0.2345,0.1697,275045.7582,hiphop
116.7792,0.1314,0.8034,0.6275,0.0,0.4778,-3.3465,0.1033,0.1445,251197.6542,pop
133.3585,0.1527,0.6328,0.904,0.1014,0.6115,-4.1524,0.0439,0.3411,284348.5377,disco
121.8355,0.5832,0.4676,0.4976,0.0822,0.4215,-11.3482,0.0739,0.2684,241054.2501,country
72.3137,0.9445,0.2177,0.1916,0.8136,0.3842,-11.9301,0.0775,0.0817,262756.9983,classical
109.3545,0.5727,0.2616,0.4596,0.5263,0.6515,-8.848,0.0243,0.2589,278288.7407,blues
81.2338,0.049,0.6515,0.965,0.0044,0.3953,-7.7969,0.334,0.2797,203008.2635,hiphop
102.9796,0.715,0.343,0.6062,0.0,0.2129,-8.871,0.1101,0.2592,238184.5926,blues
101.526,0.5576,0.4565,0.5095,0.2443,0.3921,-9.1609,0.0437,0.0863,376070.1654,blues
112.1909,0.3975,0.8863,0.2811,0.0267,0.5493,-11.3434,0.068,0.2613,218328.5884,country
88.7295,0.5384,0.3551,0.354,0.6338,0.5093,-12.5569,0.0752,0.3405,241329.5532,jazz
135.8935,0.2031,0.8073,0.4636,0.212,0.3428,-8.641,0.0,0.2395,213030.4102,rock
91.5475,0.1772,0.7212,0.8093,0.0,0.5397,-6.3603,0.2695,0.2789,225266.6573,hiphop
171.0808,0.0122,0.732,0.4131,0.0,0.3713,-4.3519,0.0454,0.5874,268719.0665,rock
132.791,0.0494,0.9196,0.5204,0.2056,0.1945,-5.0014,0.0619,0.252,349735.6846,metal
75.0722,0.9569,0.3165,0.4647,0.8464,0.4384,-26.6035,0.0382,0.2252,331958.1183,classical
93.9682,0.0981,0.9651,0.5158,0.0322,0.1835,-3.2394,0.0579,0.0,208408.0443,rock
112.3528,0.0541,0.6182,0.8296,0.1178,0.5994,-11.272,0.0398,0.2548,237998.3058,disco
54.6725,0.6602,0.5169,0.7456,0.2458,0.6541,-4.667,0.0303,0.4397,273484.4079,reggae
125.1444,0.0925,0.8284,0.629,0.0895,0.4567,-4.9546,0.0523,0.199,296671.0722,rock
123.884,0.7464,0.5472,0.3602,1.0,0.3273,-11.7523,0.0094,0.1105,335818.4323,jazz
104.9036,0.2715,0.6988,0.8715,0.0224,0.7452,-7.2194,0.1993,0.1597,239119.7033,hiphop
135.4795,0.0,0.8562,0.4702,0.0,0.2861,-3.4143,0.0509,0.3312,183943.686,metal
117.9373,0.1224,0.5997,0.6203,0.0695,0.4676,-8.6443,0.1018,0.1484,271163.2107,pop
106.5398,0.1991,0.6552,0.6841,0.0313,0.4821,-11.8847,0.047,0.1238,184613.856,country
87.2932,0.6525,0.5618,0.6594,0.054,0.3817,-7.3303,0.0472,0.3098,178282.5978,reggae
97.0506,0.2348,0.8363,0.8904,0.0192,0.9748,-7.2306,0.4324,0.2568,266913.5567,hiphop
93.6245,0.4825,0.3472,0.4061,0.0,0.47,-6.1891,0.0616,0.2323,181537.6402,country
116.1839,0.4807,0.6902,0.5972,0.0777,0.6077,-9.5647,0.0357,0.2089,208340.6332,country
124.0731,0.0,0.6693,0.5573,0.0,0.8079,-4.8242,0.116,0.326,186814.8388,pop
118.0823,0.1939,0.5008,0.5401,0.0194,0.8167,-7.5605,0.0775,0.2063,222848.5743,country
111.59,0.3796,0.5127,0.5216,0.0,0.2696,-7.862,0.0255,0.3256,231209.8626,reggae
130.9758,0.1351,0.6577,0.7514,0.0851,0.8033,-5.7538,0.0564,0.2787,277826.1752,disco
143.0901,0.0132,0.9002,0.245,0.3524,0.3529,-6.1987,0.0,0.4344,287904.5776,metal
110.1069,0.2815,0.7907,0.6279,0.0,0.7334,-4.8502,0.0136,0.0572,133907.0999,pop
60.7552,0.9082,0.1745,0.1493,0.6522,0.2209,-12.1703,0.076,0.1171,258185.0026,classical
92.7622,0.6285,0.3278,0.6089,0.3804,0.5508,-14.673,0.0567,0.0,239636.8285,reggae
122.8787,0.0943,0.7056,0.9227,0.1772,0.5219,-8.8289,0.0282,0.3057,228044.121,disco
134.6802,0.1082,0.7236,0.7115,0.0,0.6935,-8.827,0.0951,0.1193,210251.0176,pop
93.3813,0.9905,0.1743,0.375,1.0,0.6441,-26.912,0.0215,0.2688,216503.1369,classical
89.8885,0.0367,0.6192,0.6549,0.2262,0.7064,-5.4898,0.0396,0.1629,180301.6605,reggae
95.7452,0.203,0.8606,0.642,0.2556,0.566,-6.5787,0.1094,0.3147,196375.0517,reggae
109.367,0.5329,0.1592,0.3213,0.5066,0.2815,-13.0978,0.055,0.0726,184795.4069,blues
140.8216,0.6668,0.5493,0.4172,0.1786,0.5254,-19.2694,0.0528,0.443,164511.8547,jazz
90.0831,0.1546,0.5113,0.6874,0.0342,0.6116,-7.1156,0.0705,0.1547,223369.4033,reggae
156.7968,0.1615,0.7041,0.5175,0.0,0.4214,-6.6402,0.0226,0.3081,227247.4284,rock
99.1926,0.1057,0.5325,0.8576,0.0472,0.5242,-4.8476,0.0158,0.1027,213145.898,pop
112.478,0.2152,0.6745,0.7402,0.0381,0.131,-6.481,0.0907,0.129,211086.0792,pop
78.7669,0.88,0.041,0.0927,0.6324,0.2812,-23.1728,0.0787,0.2385,222274.533,classical
95.2365,0.0759,0.7791,0.6383,0.0415,0.5744,-4.78,0.2925,0.1092,187997.4505,hiphop
117.2503,0.0502,0.7798,0.5532,0.1519,0.3242,-9.292,0.0679,0.1741,332724.0571,rock
139.2711,0.1855,0.7919,0.6115,0.0622,0.6493,-5.1304,0.0753,0.1195,209949.5157,pop
113.6099,0.1646,0.5262,0.583,0.0652,0.4241,-3.8431,0.0525,0.1674,226855.3325,pop
160.9009,0.0277,0.9416,0.498,0.0657,0.4255,-4.0124,0.0292,0.1316,227379.1538,metal
83.9191,0.9626,0.1334,0.3232,0.8175,0.3828,-18.5143,0.0445,0.2043,284054.7442,classical
131.412,0.18,0.8161,0.7505,0.0103,0.2085,-8.1011,0.0389,0.1039,254214.7381,rock
102.9754,0.1501,0.5072,0.818,0.0,0.473,-5.9205,0.1469,0.1883,222329.4947,hiphop
112.2539,0.5521,0.3916,0.5006,0.8351,0.7173,-14.9876,0.0536,0.3496,230740.5776,jazz
101.0915,0.2265,0.8013,0.9069,0.0446,0.1817,-8.3872,0.0392,0.2432,195742.1376,hiphop
161.1466,0.0505,0.9127,0.4157,0.0479,0.0,-6.8259,0.0529,0.1461,274468.0312,metal
93.9369,0.2189,0.5293,0.5254,0.6316,0.5272,-12.2687,0.0845,0.0323,196688.7328,blues
120.1153,0.1618,0.749,0.4345,0.2498,0.4029,-6.5842,0.0123,0.143,273223.4234,rock
127.7055,0.2188,0.8696,0.7473,0.0598,0.8198,-7.9808,0.0199,0.2493,233819.2895,disco
124.7759,0.1234,0.6666,0.8184,0.015,0.7656,-9.5841,0.0512,0.1728,267699.9204,pop
97.7193,0.1717,0.6326,0.7532,0.0107,0.3582,-10.4655,0.2439,0.0,185243.6454,hiphop
120.1941,0.5262,0.3165,0.4209,0.2902,0.344,-9.5441,0.0757,0.3067,304060.1763,blues
138.843,0.2292,0.7344,0.778,0.0,0.7238,-10.0875,0.0112,0.2193,206577.6421,disco
108.3684,0.4161,0.4578,0.4052,0.1447,0.2313,-7.2027,0.092,0.2645,328748.8178,blues
67.6045,0.9286,0.1377,0.1928,0.747,0.1844,-20.7088,0.017,0.207,209111.2559,classical
128.7825,0.6538,0.6375,0.6284,0.0812,0.7063,-14.4563,0.02,0.1064,215456.294,country
91.3663,0.9837,0.1281,0.1497,0.3553,0.2685,-12.3183,0.0487,0.1052,307904.8126,classical
155.4523,0.0416,0.7248,0.4042,0.1688,0.2889,-3.6793,0.0,0.0,211226.5881,metal
91.0917,0.563,0.7197,0.658,0.1555,0.6758,-10.6198,0.1046,0.3862,248868.0266,reggae
100.1743,0.4495,0.9409,0.8433,0.0583,0.5848,-3.6669,0.0662,0.0146,255096.0424,pop
109.0958,0.2574,0.6692,0.7818,0.0,0.6997,-9.4063,0.0472,0.4211,267965.2313,disco
129.2712,0.3618,0.2781,0.5822,0.0935,0.6536,-7.7334,0.043,0.0993,239310.4894,country
91.3371,0.2042,0.6018,0.4739,0.1778,0.6511,-9.5493,0.0572,0.319,252340.7249,rock
85.6431,0.295,0.7229,0.8571,0.0,0.854,-12.5143,0.0344,0.1766,217271.7411,reggae
100.6688,0.3432,0.4043,0.3972,0.3704,0.2982,-7.965,0.0526,0.122,183601.2632,blues
111.6161,0.4077,0.5516,0.6454,0.1488,0.6554,-6.5901,0.046,0.1092,242889.5181,country
83.5266,0.7827,0.4041,0.6125,0.3358,0.3486,-9.5609,0.0696,0.3225,215324.4508,blues
95.684,0.9192,0.1617,0.4461,0.6339,0.2158,-19.4267,0.0321,0.1496,270193.4261,classical
116.6127,0.2077,0.6614,0.694,0.0672,0.7138,-9.8975,0.0,0.0,280896.8864,reggae
79.4203,0.9808,0.1429,0.3814,0.9603,0.3849,-21.0624,0.0454,0.0809,271148.2792,classical
133.2376,0.1385,1.0,0.5527,0.2381,0.3072,-4.9497,0.0383,0.3093,280983.1569,rock
125.2139,0.2351,1.0,0.7414,0.0539,0.5447,-7.9858,0.0574,0.2412,222204.8356,pop
122.4395,0.1614,0.683,0.8718,0.0549,0.7147,-5.5876,0.2633,0.2056,220648.1445,hiphop
90.6081,0.5185,0.426,0.6499,0.0068,0.2763,-18.8366,0.0456,0.1525,217051.0271,blues
130.1352,0.024,0.7129,0.7164,0.044,0.4485,-7.8851,0.0944,0.0,230074.1205,rock
128.5036,0.5053,0.5402,0.4751,0.0545,0.7115,-9.0393,0.0437,0.1549,254736.6815,country
134.283,0.2928,0.7367,0.5013,0.0535,0.5176,-4.5685,0.0311,0.0515,269291.6621,pop
113.033,0.1374,0.8286,0.8247,0.0,0.9251,-5.0677,0.0554,0.0808,271620.2592,disco
96.6228,0.6395,0.4812,0.4007,0.4474,0.5161,-11.0122,0.0419,0.0,164170.1266,jazz
128.084,0.2397,0.6523,0.7049,0.0427,0.8966,-3.6123,0.0838,0.2331,280061.4809,disco
118.1668,0.0,0.6252,0.6047,0.0475,0.7791,-4.8466,0.0858,0.0203,227719.2924,pop
125.0687,0.1859,0.3847,0.45,0.0,0.5337,-7.1561,0.0751,0.2108,204401.2155,country
103.4775,0.826,0.4355,0.4874,0.891,0.4574,-19.3422,0.0359,0.3327,279775.4553,jazz
98.4588,0.1864,0.8437,0.6884,0.2538,0.8502,-4.7603,0.0669,0.0423,263864.3441,rock
127.6946,0.2678,0.6876,0.6994,0.023,0.4963,-5.349,0.1511,0.2911,219117.5407,pop
85.9856,0.4793,0.7011,0.6429,0.1219,0.7668,-12.4809,0.0805,0.0886,190656.7801,reggae
108.4539,0.6897,0.5474,0.5707,0.058,0.6021,-12.0211,0.1459,0.424,249131.228,reggae
147.6028,0.3867,0.5096,0.7225,0.0895,0.9462,-8.2538,0.0421,0.1188,155355.1338,country
137.756,0.068,0.8774,0.4472,0.3139,0.2499,-6.5235,0.0171,0.3675,279438.9193,metal
67.1425,0.9568,0.1545,0.1774,0.6083,0.3759,-15.6836,0.0432,0.1405,297149.5684,classical
93.4436,1.0,0.1625,0.3373,0.7065,0.3535,-24.399,0.0724,0.1791,266918.2523,classical
123.5255,0.1004,0.6489,0.5519,0.0619,0.6987,-6.3607,0.0311,0.0,242255.0756,rock
124.7851,0.0,0.7964,0.2746,0.1418,0.2356,-6.7671,0.0868,0.2841,175945.2899,rock
115.5582,0.0238,0.9587,0.6082,0.4173,0.2068,-1.4499,0.0929,0.4367,299413.934,metal
96.1357,0.8607,0.4904,0.4844,0.7048,0.291,-13.9029,0.0644,0.1795,281772.9168,jazz
121.6972,0.0114,0.6592,0.68,0.0635,0.694,-6.0747,0.0453,0.107,245481.8726,disco
162.6902,0.3191,0.6372,0.5683,0.2045,0.6365,-6.7088,0.0984,0.2501,255764.7756,rock
175.0617,0.0442,0.9239,0.4631,0.2357,0.404,-5.9318,0.1309,0.3791,331421.5573,metal
125.7313,0.1728,0.5676,0.6649,0.0059,0.6961,-6.4412,0.2742,0.1619,245095.0152,hiphop
82.189,0.1933,0.5733,0.7499,0.2643,0.6637,-7.068,0.1088,0.0847,191466.7172,reggae
109.0073,0.7664,0.3543,0.4508,0.5731,0.1542,-12.5689,0.06,0.256,308036.7154,jazz
142.1954,0.4794,0.3868,0.4942,0.4474,0.315,-12.8929,0.0917,0.2454,147987.2282,blues
103.0597,0.5628,0.5882,0.4914,0.011,0.5727,-10.2284,0.0278,0.1467,231885.7418,country
81.0332,0.2991,0.7724,0.757,0.0,0.7439,-8.2035,0.4461,0.1187,280217.6825,hiphop
88.9449,0.0518,0.7489,0.9424,0.0264,0.7521,-6.7548,0.2305,0.2226,196915.4737,hiphop
78.9233,0.0271,0.7495,0.7297,0.0,0.7132,-4.1046,0.2922,0.2649,211894.7252,hiphop
128.0751,0.4334,0.4852,0.4352,0.1736,0.516,-2.6531,0.0779,0.0059,196691.6661,country
135.0056,0.0888,0.7918,0.8714,0.0483,0.8291,-5.9378,0.0635,0.275,295198.1427,disco
118.2251,0.9643,0.5952,0.7428,0.1223,0.6162,-11.9676,0.0712,0.0302,276030.6293,country
110.6282,0.667,0.4512,0.4984,0.1866,0.2728,-13.9117,0.0909,0.0,277286.329,jazz
110.2049,0.2033,0.7614,0.7348,0.0839,0.4568,-6.6741,0.0461,0.4862,244674.7521,disco
63.4186,0.8865,0.4128,0.2179,0.9258,0.2146,-18.2737,0.0477,0.1375,277554.2484,classical
129.4981,0.2655,0.7616,0.6728,0.0013,0.6147,-6.6211,0.0563,0.0876,206108.399,disco
125.0461,0.421,0.3905,0.5332,0.0,0.6375,-6.5797,0.0795,0.2172,252360.1375,country
60.7644,0.2696,0.5743,0.7416,0.0858,0.5342,-6.4663,0.0914,0.1353,231508.9159,reggae
108.0066,0.1224,0.6831,0.7668,0.0,0.6103,-6.5775,0.1295,0.2814,223465.3368,hiphop
117.2843,0.3896,0.7005,0.554,0.008,0.595,-4.2584,0.0424,0.2418,209712.4104,rock
88.2266,0.0653,0.5878,0.8862,0.0098,0.4557,-5.7861,0.2868,0.1455,251569.3453,hiphop
111.747,0.0494,0.8069,0.4965,0.0511,0.4851,-2.8109,0.0467,0.1792,173165.0099,rock
168.9962,0.0,0.8694,0.4204,0.2195,0.0391,-7.4869,0.1553,0.1961,185629.6831,metal
87.1194,0.8471,0.5456,0.3805,0.6733,0.4806,-12.337,0.0669,0.4295,263769.9772,jazz
119.1359,0.2353,0.6152,0.7459,0.0674,0.5764,-2.5406,0.0455,0.2464,224673.4301,pop
84.0855,0.6873,0.5013,0.2142,0.8084,0.2872,-13.004,0.0674,0.4127,287546.219,jazz
72.1419,0.914,0.2232,0.2445,0.8707,0.5019,-21.3783,0.047,0.1543,280005.0636,classical
63.9058,0.432,0.2796,0.6926,0.4251,0.0696,-15.5413,0.056,0.1433,180402.8006,blues
167.8247,0.0418,0.9296,0.2935,0.3082,0.6705,-3.3541,0.0603,0.2557,238978.9642,metal
121.1665,0.8712,0.5804,0.4488,0.8412,0.667,-6.2824,0.0375,0.1739,244694.0476,jazz
75.1371,1.0,0.2857,0.3842,0.8831,0.6991,-22.8206,0.0,0.2783,252538.0341,classical
70.0182,0.3132,0.3608,0.5152,0.0,0.8716,-9.8117,0.0888,0.1487,158377.9592,reggae
124.6248,0.0384,0.7824,0.472,0.0711,0.4078,-4.15,0.0675,0.4054,310134.6765,rock
134.9289,0.5028,0.5898,0.4608,0.0427,0.615,-6.8514,0.0481,0.2879,220279.6258,country
113.4281,0.1275,1.0,0.7508,0.0,0.2954,-3.052,0.2123,0.1959,201011.6642,hiphop
144.2137,0.0559,0.9603,0.4394,0.1119,0.2749,-3.1581,0.1599,0.2646,333823.8703,metal
88.4338,0.5586,0.5198,0.6864,0.0,0.7368,-11.6275,0.0605,0.2001,234848.9673,reggae
145.0561,0.0062,0.8813,0.3486,0.1041,0.2908,-5.5023,0.1035,0.3387,210184.6804,metal
88.9458,0.0981,0.6078,0.699,0.2914,0.5544,-5.496,0.0293,0.0972,258866.4784,reggae
135.7002,0.0578,0.933,0.4489,0.1292,0.2877,-2.1657,0.0732,0.4647,207642.6817,metal
71.0154,0.0,0.7571,0.7572,0.04,0.6609,-5.4011,0.1178,0.2291,175348.2616,hiphop
109.0315,0.1939,0.5551,0.8902,0.0976,0.7759,-10.4733,0.0362,0.3389,364537.2419,disco
113.4864,0.1257,0.8218,0.8264,0.0088,0.437,-6.9725,0.0729,0.1533,225109.9565,hiphop
133.2332,0.0121,0.8168,0.4719,0.2393,0.1582,-5.8545,0.0968,0.1353,268933.0991,metal
123.004,0.3284,0.8081,0.6349,0.0258,0.2645,-5.8018,0.0382,0.1514,159438.8441,pop
108.6266,0.8699,0.5897,0.3294,0.4719,0.7445,-12.4758,0.0659,0.2173,240809.9537,jazz
127.4647,0.1018,0.9025,0.5007,0.0,0.4535,-10.1822,0.0237,0.3453,238869.6802,rock
99.6828,0.1892,0.736,0.8214,0.0863,0.6497,-4.9352,0.0512,0.2247,230665.5171,disco
118.008,0.1618,0.7269,0.5795,0.0,0.6735,-8.1993,0.026,0.2537,225751.9233,pop
115.3538,0.1905,0.6687,0.7995,0.0,0.8424,-1.8645,0.2365,0.4391,196193.617,hiphop
111.3611,0.2951,0.6236,0.5303,0.0,0.2892,-4.7641,0.0239,0.2,214097.2355,pop
126.8498,0.0386,0.695,0.5764,0.0,0.4679,-6.7718,0.0569,0.0986,166662.5042,rock
78.2997,0.2875,0.3649,0.4774,0.4439,0.6942,-10.4044,0.0549,0.0,290864.079,jazz
141.7053,0.0,0.7494,0.5452,0.1617,0.3872,-6.4981,0.0448,0.4393,347007.1885,metal
120.4841,0.5364,0.349,0.5499,0.0806,0.5045,-5.7729,0.0962,0.0853,184226.9464,country
116.5523,0.3403,0.6249,0.8364,0.0,0.7782,-5.5837,0.0447,0.0783,180887.0039,disco
110.4773,0.0746,0.7919,0.7966,0.0416,0.7377,-3.878,0.1788,0.1703,209316.129,hiphop
89.2516,0.9422,0.15,0.3485,0.7208,0.3498,-18.0555,0.0288,0.2145,320644.0821,classical
136.5851,0.667,0.3945,0.6079,0.0135,0.2532,-9.8624,0.0765,0.2261,290623.328,country
91.8426,0.0,0.5298,0.8156,0.0082,0.6745,-5.8271,0.3167,0.217,249007.8383,hiphop
97.9249,0.1835,0.6788,0.842,0.0474,0.8674,-5.9848,0.0562,0.2788,263821.7539,disco
70.6588,0.8735,0.1551,0.3452,0.5651,0.4456,-24.1551,0.063,0.0,232806.0535,classical
111.6978,0.7822,0.5343,0.2603,0.1294,0.5379,-16.1446,0.0994,0.2027,163273.4632,jazz
70.5139,0.4577,0.5381,0.5514,0.1051,0.4242,-4.4035,0.0595,0.1168,232180.6925,blues
151.159,0.0096,0.9359,0.3985,0.2219,0.0961,-2.4135,0.1003,0.3028,357511.415,metal
101.4462,0.489,0.1033,0.4686,0.5641,0.2685,-14.1034,0.0616,0.0,214243.767,jazz
168.6757,0.0442,0.8322,0.4709,0.0525,0.356,-4.9733,0.0834,0.4212,285925.5826,metal
116.1121,0.2724,0.5913,0.5927,0.1801,0.7269,-6.0912,0.0538,0.2466,194573.8235,disco
80.4813,0.8903,0.1637,0.2618,0.6206,0.423,-23.8776,0.0402,0.1885,306791.8706,classical
143.7558,0.2032,0.7734,0.447,0.1129,0.3927,-6.3929,0.1385,0.2773,270261.0258,rock
66.7117,0.1655,0.6044,0.8519,0.0182,0.2367,-5.4623,0.2411,0.2163,240143.5098,hiphop
133.1027,0.0368,0.7422,0.7209,0.0441,0.8097,-5.0537,0.102,0.2426,236699.4963,disco
95.9876,0.5073,0.5293,0.559,0.1124,0.3363,-9.7085,0.0538,0.1096,270101.699,country
138.7064,0.7813,0.4367,0.5175,0.5063,0.6882,-16.596,0.0113,0.3422,291561.9164,jazz
114.8774,0.2237,0.6392,0.5248,0.0766,0.7808,-6.6708,0.0582,0.2059,176111.3581,pop
134.072,0.0931,0.7134,0.9324,0.0,0.2552,-7.591,0.3013,0.019,240896.717,hiphop
129.5069,0.2779,0.6252,0.6449,0.054,0.8995,-7.4988,0.0595,0.2051,224597.9699,pop
161.2333,0.0218,0.7998,0.1847,0.5802,0.4448,-3.7264,0.1039,0.0653,220256.4005,metal
90.1543,0.5056,0.535,0.8808,0.0843,0.5572,-9.5131,0.0273,0.0963,208773.3244,reggae
63.3738,0.6908,0.7411,0.5665,0.5424,0.2731,-10.291,0.0317,0.1727,274749.5165,blues
88.5985,0.0148,0.4034,0.6561,0.0497,0.4318,-2.1931,0.2603,0.175,167478.8209,hiphop
92.8861,0.5975,0.6306,0.5254,0.412,0.4721,-9.9408,0.104,0.1275,257878.3095,jazz
95.8426,0.6063,0.5988,0.5396,0.4971,0.5898,-20.3216,0.0587,0.5496,266617.3253,jazz
65.579,0.2868,0.5424,0.5072,0.0648,0.7533,-9.9646,0.0288,0.2125,208568.1833,country
106.256,0.1777,0.5536,0.5618,0.0819,0.7506,-10.3049,0.07,0.087,204065.6635,reggae
139.9879,0.0306,0.7878,0.6494,0.1111,0.3618,-5.2525,0.0766,0.2263,259853.4787,metal
117.9272,0.0417,0.8424,0.4442,0.0032,0.036,-1.1512,0.1099,0.2299,233931.9139,metal
106.1256,0.0494,0.3864,0.4609,0.0544,0.3798,-10.5404,0.0255,0.1971,234900.0108,country
99.6159,0.0,0.8133,0.2867,0.2695,0.5287,-6.0877,0.029,0.3647,249869.278,rock
105.2563,0.499,0.4558,0.5166,0.0765,0.4872,-8.3218,0.0819,0.1628,261276.8233,country
128.5333,0.0362,0.9259,0.4123,0.1315,0.5417,-3.397,0.0921,0.3022,351794.4499,metal
118.9729,0.0042,0.9526,0.7557,0.0799,0.5989,-8.3053,0.1174,0.0083,248359.4121,disco
86.5555,0.8865,0.1146,0.346,0.9483,0.356,-27.1456,0.0128,0.0358,173942.6732,classical
98.9076,0.6224,0.2465,0.2949,0.0725,0.2553,-12.9315,0.079,0.1797,248837.7572,blues
109.6958,0.0572,0.7501,0.4241,0.033,0.6773,-3.9477,0.0106,0.1273,229119.8026,rock
141.5799,0.0145,0.8274,0.4213,0.2221,0.3676,-0.7239,0.1252,0.2639,296913.9378,metal
95.7475,0.6593,0.6679,0.8215,0.0389,0.5056,-9.7061,0.0743,0.0992,280637.3451,reggae
83.3216,0.1683,0.4155,0.4087,0.0688,0.3341,-18.431,0.0291,0.1328,198809.2679,country
126.3905,0.5373,0.6119,0.6229,0.6225,0.5283,-14.6271,0.0804,0.1944,271778.4935,jazz
114.4478,0.3193,0.6933,0.7366,0.0806,0.6444,-6.1997,0.0684,0.2123,322993.9825,disco
91.0538,0.2564,0.6798,0.7115,0.0054,0.7717,-6.8503,0.315,0.1175,193201.7706,hiphop
77.814,0.0,0.6043,0.5899,0.0,0.3529,-6.6679,0.1085,0.3812,202571.7352,reggae
71.7489,0.8743,0.1132,0.1365,0.8355,0.3375,-23.76,0.0,0.0502,347250.4391,classical
132.5509,0.0344,0.6891,0.6958,0.0488,0.576,-4.4177,0.0631,0.2134,164911.7674,pop
111.5521,0.0,0.5466,0.5141,0.1672,0.5793,-4.7947,0.0596,0.209,201711.8803,rock
104.1041,0.654,0.4157,0.7036,0.2149,0.6386,-19.6795,0.0665,0.4863,284433.4262,jazz
92.8891,0.1659,0.4988,0.8231,0.0,0.303,-5.7333,0.0535,0.0195,225774.456,pop
146.9898,0.6837,0.2821,0.438,0.8251,0.6216,-12.319,0.0523,0.336,227821.9438,jazz
91.3471,0.8305,0.5767,0.6268,0.3612,0.0069,-19.3009,0.1026,0.1898,222463.7691,jazz
126.3716,0.0355,0.8878,0.3711,0.0954,0.2071,-4.3597,0.1457,0.053,277323.9717,metal
100.0641,0.729,0.491,0.7487,0.536,0.3539,-11.9541,0.0741,0.0994,292482.9738,blues
74.4668,1.0,0.2411,0.3783,0.6649,0.4286,-19.0851,0.0285,0.1948,313971.2655,classical
89.7247,0.0,0.6044,0.8164,0.0257,0.9598,-3.1862,0.2388,0.0909,276840.9601,hiphop
110.367,0.5815,0.4195,0.4916,0.2166,0.2351,-12.3045,0.0,0.2808,236095.8471,jazz
121.5753,0.1399,0.759,0.5532,0.0,0.1702,-10.3687,0.1419,0.3784,212781.7862,pop
78.5147,0.503,0.3768,0.3573,0.3743,0.3607,-15.3215,0.0997,0.3493,260806.4708,jazz
108.0102,0.0563,0.7241,0.5594,0.0,0.7886,-4.7795,0.1545,0.4426,238175.5454,metal
160.4258,0.0004,0.9374,0.5157,0.1525,0.2963,-3.734,0.0692,0.4606,353826.6937,metal
124.5608,0.094,0.8533,0.7964,0.0,0.9624,-6.8052,0.0272,0.117,284633.5079,disco
67.3452,0.5324,0.4944,0.7021,0.2672,0.0499,-11.282,0.1422,0.304,203509.9975,blues
77.4116,0.2672,0.7769,0.7524,0.0361,0.4365,-9.6763,0.3207,0.0521,213147.8587,hiphop
130.8374,0.0757,0.6161,0.7748,0.0646,0.4612,-6.9672,0.1573,0.1796,264700.8592,pop
128.1525,0.5603,0.2501,0.5044,0.5933,0.1659,-14.5409,0.0604,0.2177,219330.4794,jazz
116.3717,0.3631,0.3997,0.6685,0.0,0.4175,-4.919,0.0743,0.3891,226186.0865,reggae
85.5528,0.9767,0.2066,0.4127,0.8701,0.2211,-20.525,0.0208,0.2203,277004.4453,classical
80.4038,0.9302,0.125,0.2764,0.7724,0.3095,-14.9146,0.038,0.1305,154152.9425,classical
114.1445,0.2493,0.4829,0.5778,0.0,0.6726,-12.337,0.1096,0.1337,181478.6478,reggae
135.8102,0.0,0.9245,0.4004,0.1148,0.6412,-4.2527,0.1565,0.0418,394405.6116,metal
131.2325,0.0143,0.9447,0.4649,0.0453,0.0,-4.7312,0.063,0.265,231872.8898,rock
115.1493,0.149,0.5808,0.7141,0.0495,0.3682,-5.7723,0.2561,0.1489,184922.8682,hiphop
84.516,0.0953,0.7709,0.7333,0.0222,0.1238,-6.7711,0.3367,0.1629,190979.9727,hiphop
146.578,0.0591,0.894,0.6826,0.0724,0.5305,-2.4761,0.055,0.2163,310904.9324,metal
123.5668,0.523,0.562,0.3898,0.217,0.27,-7.292,0.0693,0.244,301118.2866,blues
112.6186,0.2026,0.6122,0.7578,0.0,0.6449,-9.2941,0.0577,0.1499,204289.0159,disco
93.614,0.2055,0.8217,0.7854,0.0,0.4968,-8.8827,0.2275,0.2055,210525.1353,hiphop
95.0844,0.2856,0.4819,0.5664,0.1078,0.5674,-9.9649,0.088,0.2748,258062.6189,reggae
129.359,0.0365,0.9884,0.3962,0.1467,0.1653,-0.2735,0.0977,0.4417,261494.8604,metal
103.6257,0.1617,0.7134,0.6839,0.0049,0.6238,-2.8426,0.1928,0.2351,250735.3169,hiphop
108.9451,0.1184,0.5273,0.7739,0.0135,0.2123,-5.6615,0.2103,0.0503,208344.7763,hiphop
116.2842,0.6877,0.5965,0.4847,0.4054,0.1358,-8.4107,0.0653,0.2753,257101.0485,blues
86.7686,0.2309,0.4988,0.8724,0.1662,0.4991,-9.205,0.0789,0.1232,199234.7913,reggae
74.3073,0.0467,0.6748,0.6453,0.133,0.8231,-12.9268,0.0782,0.1829,245189.715,reggae
76.58,0.1085,0.7861,0.6696,0.0155,0.6912,-9.6735,0.1929,0.3446,239317.9356,hiphop
151.8815,0.0378,0.5041,0.5972,0.0355,0.1835,-6.317,0.0969,0.0605,355119.8179,rock
95.6016,0.0,0.6305,1.0,0.0877,0.5786,-6.7692,0.1458,0.2975,143775.7249,reggae
69.4234,0.3045,0.5654,0.6497,0.128,1.0,-9.3648,0.0626,0.3015,239583.3458,reggae
86.9708,0.1882,0.6532,0.7413,0.0,0.5065,-2.2587,0.2137,0.0656,252158.6673,hiphop
106.5961,0.0117,0.7814,0.805,0.0,0.5097,-4.1371,0.0941,0.0729,217567.6066,hiphop
134.4192,0.0605,0.8236,0.3256,0.2402,0.271,-6.9061,0.1575,0.1151,250028.4993,metal
106.1928,0.2065,0.677,0.5445,0.0436,0.4964,-7.6466,0.1076,0.1464,200303.8259,hiphop
123.7977,0.0236,1.0,0.4092,0.4665,0.2806,-1.0165,0.0087,0.237,233194.5007,metal
96.5825,0.3773,0.6471,0.7118,0.0081,0.2999,-6.2792,0.0834,0.2376,204059.004,pop
102.0063,0.4068,0.5017,0.7332,0.0978,0.4804,-8.6129,0.0906,0.1625,266153.0275,reggae
104.7998,0.0833,0.6538,0.596,0.0,0.2586,-7.1831,0.0805,0.435,312124.3986,rock
144.2461,0.8981,0.6171,0.3911,0.0036,0.6416,-4.9767,0.0257,0.1676,226857.6223,country
95.2434,0.2668,0.5575,0.5925,0.1248,0.608,-10.6205,0.0778,0.2134,205345.7179,reggae
136.6681,0.5553,0.5418,0.6832,0.2023,0.6071,-8.6497,0.0534,0.311,199028.0793,country
115.0733,0.1127,0.7135,0.6241,0.0176,0.7146,-6.5535,0.0947,0.3839,285374.5034,disco
122.4635,0.1363,0.6442,0.9035,0.0043,0.9523,-7.0226,0.1188,0.1634,211282.0509,hiphop
125.6884,0.0,0.7895,0.742,0.0303,0.6636,-10.2201,0.0658,0.0636,231424.8087,disco
130.2796,0.3242,0.6683,0.6487,0.1133,0.5753,0.7238,0.0711,0.2125,189342.6455,country
98.7781,0.1995,0.8487,0.7961,0.0094,0.5608,-6.4003,0.0554,0.2443,258051.6412,disco
109.3823,0.5817,0.3515,0.5506,0.0642,0.758,-13.7558,0.0506,0.0715,237692.3615,country
129.0115,0.2024,0.9083,0.7422,0.0538,0.6783,-3.9124,0.0601,0.1352,257630.2661,disco
104.4154,0.3275,0.5677,0.3984,0.0608,0.6609,-7.6041,0.1185,0.179,223373.7675,reggae
146.419,0.048,0.8923,0.5091,0.1598,0.1434,-2.3596,0.0083,0.3224,240788.8575,metal
118.3744,0.2695,0.3196,0.4133,0.0474,0.7063,-6.2929,0.0626,0.1062,220859.2441,country
54.3184,0.9571,0.2478,0.1838,0.6932,0.5556,-23.9361,0.0849,0.1498,304482.1706,classical
102.1119,0.2237,0.6835,0.2104,0.3118,0.3556,-6.4927,0.1092,0.2287,242649.8529,rock
79.0737,0.7235,0.1342,0.6626,0.0495,0.127,-7.6616,0.073,0.2164,240468.9673,country
96.0561,0.0126,0.7772,0.7625,0.0,0.4914,-5.2898,0.2273,0.1099,224397.8716,hiphop
93.2147,0.3231,0.6324,0.72,0.1207,0.3397,-7.5222,0.0668,0.1833,271930.5751,reggae
120.7151,0.3596,0.5527,0.7848,0.0004,0.6406,-5.5666,0.0965,0.1951,187824.4639,pop
129.7062,0.0,0.4839,0.7314,0.0519,0.5714,-4.8597,0.0915,0.1485,177158.8355,pop
93.6589,0.0641,0.9845,0.7277,0.0459,0.3786,-9.2807,0.0623,0.2743,285530.0314,rock
73.8249,0.9584,0.4409,0.5456,0.4727,0.4689,-11.1063,0.059,0.3296,250199.7851,jazz
101.4617,0.4868,0.2848,0.5599,0.2525,0.5333,-8.6298,0.0173,0.0279,206000.6677,blues
116.6539,0.2434,0.7469,0.7001,0.0157,0.3398,-4.8017,0.0717,0.1286,248332.9909,pop
97.1742,0.0343,0.6512,0.8002,0.0019,0.5142,-6.432,0.0929,0.1222,193997.4913,pop
63.7259,0.5939,0.4852,0.6841,0.1163,0.4444,-10.0619,0.0524,0.2893,274885.3134,blues
106.1625,0.2882,0.5692,0.593,0.0037,0.7935,-6.2656,0.0422,0.2626,274282.4562,pop
145.2111,0.0503,0.8812,0.5698,0.2668,0.4477,-3.0126,0.1479,0.4333,254361.3973,metal
117.7591,0.0496,0.5461,0.7751,0.0,0.2399,-6.6889,0.3649,0.1761,226250.1983,hiphop
118.1606,0.0334,0.6794,0.4502,0.2557,0.5288,-3.4328,0.0748,0.2036,232433.9259,rock
89.4603,0.4654,0.1491,0.7205,0.0951,0.8675,-6.106,0.0347,0.3242,219507.419,reggae
119.977,0.5303,0.6916,0.6736,0.0714,0.3387,-6.6548,0.0996,0.3286,221566.8115,reggae
124.1529,0.1857,0.8503,0.513,0.2147,0.6316,-3.7741,0.0895,0.4855,242363.8075,rock
75.4657,0.2646,0.4051,0.6899,0.1102,0.5449,-3.9769,0.0512,0.3391,188350.4305,reggae
86.4509,0.387,0.6881,0.5862,0.14,0.6026,-7.9575,0.0592,0.3383,225859.6541,reggae
80.5604,0.8382,0.2229,0.3736,0.8562,0.4448,-27.6171,0.0466,0.1258,251032.5905,classical
110.8887,0.1953,0.7483,0.4732,0.0043,0.6656,-11.794,0.0309,0.2801,240089.907,pop
99.8988,0.7627,0.3522,0.4046,0.2863,0.4623,-13.4723,0.0578,0.1887,140312.3948,blues
101.0185,0.6468,0.4899,0.4248,0.0244,0.0776,-9.3623,0.0466,0.2625,153979.3275,country
122.1642,0.0977,0.8214,0.7775,0.0852,0.7039,-5.9513,0.0738,0.1072,251191.8929,disco
113.1623,0.2509,0.6484,0.8152,0.0,0.5961,-7.3427,0.1123,0.0831,260129.7989,disco
111.2781,0.14,0.5481,0.3038,0.0,0.5629,-6.0065,0.0915,0.112,275860.0528,rock
111.1683,0.0,0.6291,0.6393,0.0551,0.3846,-7.1543,0.0341,0.3143,183917.7467,pop
98.7012,0.6001,0.4651,0.5302,0.1988,0.7021,-14.2826,0.0267,0.4283,291283.7786,jazz
65.4254,0.9557,0.2439,0.2473,0.6451,0.6965,-20.6926,0.0254,0.2233,273451.2909,classical
113.4457,0.1994,0.7699,0.6847,0.0,0.3766,-6.8603,0.0689,0.0818,271380.97,disco
72.8447,0.9418,0.2821,0.2606,0.8782,0.3101,-22.4702,0.0566,0.0,202211.6603,classical
123.6526,0.114,0.6964,0.4072,0.2298,0.1212,-6.4114,0.0459,0.3128,184556.8242,rock
97.7444,0.5665,0.0,0.4478,0.6423,0.4112,-8.1939,0.0604,0.4437,273071.0206,jazz
102.5022,0.1795,0.3082,0.6422,0.615,0.2177,-11.9882,0.0613,0.4137,217820.8973,blues
117.6395,0.8341,0.5129,0.6369,0.5495,0.5546,-12.4655,0.0642,0.1904,243377.8733,jazz
119.0902,0.5658,0.2374,0.7627,0.2442,0.4577,-9.8014,0.049,0.1127,335475.3743,blues
122.0519,1.0,0.3786,0.3215,0.0,0.3634,-11.9491,0.0405,0.2266,257782.7914,blues
110.6351,0.7573,0.9566,0.4055,0.0,0.3777,-9.3099,0.0679,0.2391,226021.0898,country
120.9764,0.1408,0.5881,0.8494,0.114,0.5234,-7.6015,0.0532,0.0843,183996.112,disco
122.4624,0.1639,0.6517,0.8451,0.173,0.5134,-5.5591,0.0,0.2669,183895.3615,disco
100.6673,0.3949,0.5746,0.5996,0.0,0.4429,-9.1432,0.0,0.1456,220095.4787,reggae
119.8797,0.1088,0.7989,0.6865,0.1151,0.8424,-4.4854,0.0713,0.1514,243275.6318,disco
167.6554,0.0461,0.8317,0.4512,0.4699,0.6264,-5.0254,0.0544,0.295,251724.3136,metal
119.5422,0.3639,0.4096,0.4074,0.0,0.5077,-13.409,0.03,0.1406,173242.8942,country
57.0671,0.972,0.4053,0.3172,0.7494,0.3287,-19.539,0.0054,0.1632,256572.163,classical
79.9729,0.8706,0.0,0.3268,0.6781,0.2877,-24.4484,0.0372,0.2353,289422.914,classical
119.7643,0.0418,0.6547,0.7263,0.0649,0.6814,-6.5793,0.0143,0.2665,240102.4765,disco
122.9782,0.2754,0.6352,0.763,0.0672,0.8874,-6.3623,0.0412,0.2064,189707.6039,disco
108.9254,0.599,0.5781,0.3922,0.0,0.7521,-5.412,0.0565,0.3296,256981.3447,country
85.4623,0.8597,0.3938,0.5667,0.0,0.3743,-15.9788,0.0283,0.3007,237754.2574,blues
131.7984,0.6157,0.3076,0.3567,0.2839,0.1709,-11.8105,0.1143,0.4638,178695.7756,jazz
133.421,0.0,0.6004,0.6318,0.0488,0.5922,-2.4078,0.0965,0.129,217189.7609,pop
96.9615,0.5584,0.5952,0.576,0.7012,0.7245,-5.5621,0.0087,0.1392,229191.2458,jazz
126.9308,0.1486,0.6289,0.5109,0.0,0.514,-7.3447,0.0747,0.2283,278088.3771,pop
126.6416,0.1616,0.7561,0.6436,0.0832,0.6071,-6.3011,0.0876,0.2669,250461.5918,disco
117.0294,0.2326,0.6706,0.409,0.0103,0.6765,-2.7194,0.1375,0.0337,199508.241,pop
89.8967,0.2427,0.2284,0.4099,0.2483,0.3088,-9.1244,0.0516,0.0842,227485.6668,blues
82.0661,0.157,0.7023,0.6031,0.0301,0.826,-10.7117,0.0725,0.0988,263318.0483,reggae
80.7581,0.8132,0.3558,0.1981,0.018,0.3167,-12.4063,0.0634,0.2777,357547.1741,jazz
106.9175,0.0482,0.7436,0.291,0.1993,0.3267,-6.943,0.0536,0.2559,234535.6026,rock
91.2868,0.1904,0.6528,0.7538,0.0,0.4402,-3.1821,0.106,0.2521,221646.9327,hiphop
132.9092,0.328,0.4467,0.593,0.1569,0.8422,-7.9209,0.0592,0.2591,176005.5714,country
115.4791,0.028,1.0,0.3347,0.1309,0.1138,-6.9185,0.0506,0.2125,239720.848,metal
123.8839,0.1588,0.5544,0.7897,0.0305,0.4166,-6.3874,0.0003,0.1735,204048.6017,pop
78.0126,0.5452,0.3905,0.4561,0.8998,0.6718,-12.5142,0.0644,0.309,216900.8822,jazz
121.6905,0.2243,0.8455,0.6226,0.0,0.812,-4.7272,0.1338,0.1327,170644.7227,rock
78.3865,0.9666,0.4988,0.4988,0.9476,0.5287,-14.0842,0.0402,0.3373,283830.1484,jazz
117.2055,0.6621,0.3936,0.5094,0.3805,0.5958,-5.2573,0.0067,0.2986,221990.4956,jazz
116.6355,0.1968,0.521,0.7389,0.0143,0.6487,-9.6748,0.0702,0.2049,232850.5886,reggae
102.232,0.6013,0.553,0.6867,0.2842,0.383,-6.4738,0.089,0.1615,240233.3902,blues
91.8602,0.5686,0.4599,0.7767,0.1042,0.8685,-5.1273,0.0879,0.1738,250264.2364,reggae
142.8204,0.0,0.6002,0.7003,0.1285,0.7138,-7.4877,0.0362,0.0624,273978.8197,disco
122.0815,0.1926,0.6666,0.6221,0.0171,0.5189,-14.8494,0.0434,0.1807,225906.1658,country
128.139,0.0245,0.8614,0.5725,0.1975,0.3526,-5.8654,0.1269,0.1883,227362.6344,metal
100.4365,0.0,0.73,0.5435,0.1367,0.4134,-5.9595,0.0049,0.319,257263.263,rock
110.51,0.0843,0.9719,0.6212,0.1689,0.5685,-6.3294,0.12,0.3703,216270.2539,rock
169.298,0.0477,0.9803,0.3616,0.1576,0.4224,-5.1001,0.0852,0.1925,279952.9599,metal
107.2933,0.1812,0.8158,0.7691,0.0175,0.6577,-7.0091,0.0665,0.311,248158.1926,disco
129.1717,0.5163,0.5738,0.8429,0.6416,0.605,-15.4786,0.0057,0.1596,205355.2379,jazz
47.5045,0.9483,0.2072,0.3414,1.0,0.0405,-24.3644,0.0518,0.0235,368556.9429,classical
107.6699,0.2023,0.3858,0.6787,0.0293,0.5491,-4.9494,0.0789,0.1158,151914.3192,pop
97.2871,0.3351,0.565,0.5235,0.0926,0.7849,-11.9275,0.0353,0.0364,291063.0547,country
144.1615,0.0111,0.8686,0.3684,0.0128,0.1233,-4.8849,0.0958,0.4546,274767.5198,metal
166.2074,0.0674,0.9507,0.2504,0.0,0.3799,-4.0685,0.0651,0.5658,265293.0077,metal
65.9789,0.9538,0.2556,0.2378,0.9481,0.5236,-16.2548,0.0506,0.2591,167152.0943,classical
125.2489,0.0642,0.901,0.328,0.0813,0.6971,-2.6712,0.1424,0.1238,225558.5154,metal
122.8401,0.0203,0.6408,0.5631,0.0,0.8962,-5.8815,0.0783,0.0,192089.9472,pop
107.5898,0.1149,0.6538,0.76,0.1178,0.1922,-13.5447,0.0331,0.0207,221546.6472,country
138.8278,0.0165,0.7823,0.4091,0.4267,0.0418,-4.0481,0.0872,0.3232,211863.7521,metal
120.0012,0.0656,0.5748,0.7279,0.0625,0.5931,-4.8919,0.0122,0.1946,208202.8219,pop
87.4741,0.9364,0.1446,0.327,0.8275,0.7442,-16.2349,0.041,0.3424,143645.0102,jazz
70.3223,0.8474,0.2635,0.2778,0.5794,0.1977,-20.7459,0.0568,0.3097,454831.748,classical
100.4097,0.3682,0.5128,0.4639,0.1284,0.2835,-2.9847,0.0521,0.0252,208580.0343,blues
93.3768,0.3404,0.6796,0.7607,0.0,0.6981,-12.0104,0.0231,0.1812,246438.8444,reggae
95.3507,0.3447,0.3765,0.3346,0.0,0.4603,-14.3695,0.0696,0.0438,253337.2359,blues
98.4491,0.0023,0.6752,0.5948,0.0,0.764,-5.2619,0.1846,0.0891,182051.1129,hiphop
169.6738,0.535,0.3846,0.7158,0.8478,0.3747,-13.3281,0.0601,0.2923,225065.9782,jazz
110.8249,0.3191,0.5989,0.7432,0.0254,0.7339,-5.7801,0.0035,0.2709,207369.5123,pop
79.0509,1.0,0.2091,0.3644,0.4925,0.3427,-25.3729,0.0156,0.0797,259952.5936,classical
109.3325,0.5246,0.5086,0.7756,0.1078,0.3776,-6.9818,0.0858,0.4594,288290.8345,reggae
141.8998,0.2509,0.8519,0.8473,0.0834,0.7294,-5.9203,0.0821,0.1258,261958.7619,disco
98.5858,0.1947,0.7705,0.5993,0.0018,0.6818,-5.0408,0.0,0.3715,225856.6045,pop
87.8842,0.3802,0.7214,0.8171,0.0008,0.446,-3.9489,0.0524,0.0657,211344.2023,hiphop
160.6299,0.4842,0.6494,0.3476,0.0209,0.7712,-7.7931,0.0,0.2474,287135.7538,country
139.8097,0.05,0.9715,0.4139,0.2642,0.2308,-3.5089,0.1401,0.3298,233532.8152,metal
89.837,0.1169,0.782,0.7076,0.0711,0.6866,-10.7571,0.0859,0.0558,273483.4876,reggae
143.4502,0.0,0.7209,0.4429,0.2147,0.6211,-4.7155,0.1062,0.1948,310078.6376,rock
135.6128,0.5825,0.2295,0.2413,0.4834,0.3953,-18.6531,0.0736,0.1825,206213.2021,jazz
119.7813,0.2719,0.8368,0.5774,0.0,0.8059,-7.6061,0.1121,0.5533,273069.544,rock
82.0829,0.4106,0.5084,0.7034,0.1696,0.7948,-9.9303,0.0382,0.2076,248825.9834,reggae
99.2004,0.7391,0.7064,0.5337,0.0522,0.403,-6.3299,0.0424,0.154,241307.642,country
122.8761,0.3497,0.719,0.8065,0.0812,0.5918,-4.8817,0.0345,0.334,222376.471,disco
110.1279,0.4298,0.5343,0.5406,0.0387,0.5954,-6.7404,0.0254,0.0749,158801.869,country
133.1431,0.3124,0.5915,0.7012,0.0,0.4388,-5.7517,0.0713,0.0733,188520.7823,pop
92.9116,0.4178,0.4551,0.6369,0.2224,0.7144,-12.0689,0.0872,0.0,207042.3935,reggae
104.6189,0.9673,0.3679,0.2839,1.0,0.6228,-14.21,0.0489,0.4124,232900.83,jazz
85.9908,0.8504,0.2031,0.2516,0.7508,0.5004,-19.8475,0.0667,0.1376,238243.4433,classical
87.3665,0.2675,0.7986,0.8232,0.0347,0.205,-4.4088,0.3264,0.1141,312023.2991,hiphop
130.2733,0.7283,0.586,0.5149,0.0954,0.7064,-10.079,0.0566,0.2981,286166.0648,country
121.8752,0.2574,0.638,0.8661,0.1068,0.6156,-9.2175,0.0167,0.2272,217881.4755,disco
92.6384,0.4575,0.32,0.6067,0.4145,0.3751,-19.4641,0.1126,0.3739,298494.7991,jazz
136.9818,0.2343,1.0,0.4441,0.0501,0.6059,-7.3644,0.0558,0.1877,132025.5735,rock
91.6473,0.0462,0.6635,0.7412,0.0,0.779,-6.4887,0.1468,0.0672,246975.6224,hiphop
106.8221,0.4016,0.2469,0.4382,0.2683,0.1192,-14.4475,0.0603,0.151,257766.5072,blues
123.6148,0.2859,0.678,0.7355,0.0105,0.6208,-7.2647,0.1205,0.3222,251397.384,pop
109.5396,0.0934,0.9228,0.3376,0.2193,0.7441,-2.7591,0.0,0.6778,167537.676,metal
62.8989,0.8307,0.3989,0.4929,0.0,0.4789,-12.9541,0.063,0.1659,326625.5761,blues
121.7028,0.1236,0.502,0.7542,0.0445,0.7708,-7.2167,0.1172,0.1206,229605.0396,pop
95.3223,0.313,0.7086,0.8629,0.0076,0.2127,-4.6553,0.1542,0.1464,183146.0063,hiphop
75.6418,0.8049,0.2614,0.3754,0.7623,0.0,-25.9857,0.0647,0.0,259148.5953,classical
97.8191,0.1114,0.8031,0.6891,0.0,0.8225,-7.1704,0.1268,0.3104,211680.3488,pop
109.909,0.1605,0.4929,0.7258,0.0282,0.6346,-8.1022,0.0301,0.0178,244342.4114,disco
156.0819,0.0453,1.0,0.4874,0.2136,0.2949,-6.0749,0.0615,0.175,131954.6591,metal
78.3464,0.8695,0.2724,0.3063,0.5162,0.0562,-22.0493,0.0356,0.1417,278321.0526,classical
110.2248,0.0,0.8782,0.5662,0.0407,0.2427,-5.2338,0.0634,0.2783,195997.4913,metal
106.0051,0.9624,0.5909,0.5971,0.8677,0.4774,-9.5461,0.0811,0.0789,220024.4264,blues
96.9311,0.0552,0.7018,0.7378,0.0013,0.658,-3.6309,0.2598,0.3594,195306.955,hiphop
85.7902,0.3855,0.635,0.4666,0.2012,0.7094,-5.087,0.0659,0.3653,192454.9306,country
85.6411,0.9007,0.1814,0.2286,0.4022,0.1433,-29.2425,0.0,0.0544,359497.3408,classical
137.4003,0.2915,0.543,0.3455,0.005,0.6378,-6.4099,0.0383,0.3575,293037.562,rock
130.1499,0.1264,0.8374,0.8406,0.0115,0.9193,-6.9094,0.0615,0.2099,242079.4725,disco
129.5837,0.2852,0.7597,0.5386,0.0,0.7497,-7.7394,0.0432,0.0897,268427.687,disco
100.8685,0.0932,0.6687,0.7631,0.0,0.0068,-3.6763,0.253,0.0316,236559.6079,hiphop
124.0262,0.2791,0.5777,0.6741,0.0549,0.4015,-2.3906,0.0164,0.1355,181494.3001,pop
179.098,0.0551,0.9083,0.2838,0.183,0.2078,-0.739,0.0097,0.3377,216288.0311,metal
113.9252,0.1765,0.7426,0.8426,0.042,0.8042,-10.4097,0.0116,0.0,263579.5493,disco
